title;price;initprice;discount;rating;reviews;url;img_url;cat;sub_cat;sub_sub_cat
совершенно новый - 2CD, роскошное издание, посвященное 50-летию The Beatles Abbey Road;949.0;4160.0;77;5.0;3;https://www.ozon.ru/product/sovershenno-novyy-2cd-roskoshnoe-izdanie-posvyashchennoe-50-letiyu-the-beatles-abbey-road-1712366457/?advert=AAoBRgHI19GQdIEkUt6imrerZ5CLLx34zMa_SEhA5pCYY3UI9hrh9wljzp_S-LRQ8atyb9ALAVsMZoh-N0NOpRQDBeh0AIsDGZfGHgAmhusWlb5IcxmagShvqHYZCmga0mdJWkixfMI6BAvv35wl8FOHVrJ9PCjUyFT6LEEVHwEFYMdEeukwSENq8aOqSWEpEv3PjB9JwwoubhwdSnQxOXv6lsThlRGuVe-HBRcTx73CiWpJVRpbRvyNW3sanuD5B3J4vSFzGP_wZwEbKd6nZwCVWR94qlhCm2cE4uKYgKiDa5FPpolS20-X89Yjvd-hIM4XQln0Mx_MK6xvHeQHcbOTwNJXMq_jxTg0vwXB-yrOn5abE9XSOPJjpJVdDtQ&avtc=1&avte=4&avts=1733830882;https://ir.ozone.ru/s3/multimedia-1-6/wc350/7148359482.jpg;Музыка и видео;Музыка;Музыка
Radiohead # OK Computer Кассета С Магнитной Лентой аудиокассета;693.0;3280.0;79;5.0;5;https://www.ozon.ru/product/radiohead-ok-computer-kasseta-s-magnitnoy-lentoy-audiokasseta-1657711953/?advert=AAoBH1PtBpNPjK3mmoVQRz0Y-D3hSFOva3HfnCtbz4_lnpB8tLyapNhPuj95h-zEaZIgZaSyS7j0XEUHl7XrjQSi63xCCVPgu5qjTam-PgdF_idYWtkiwTKjWPVCkQaPeeUdgMd2qLtp24wKIc3BMDCyDnoQfn3i3TiEaroAd7Tm6UvvDhwE_kdfxISJ7WBH_BJ-CJj7HhBNgGhvgkdGI02UB1QlyQkVgr_Ve-OrEcpgm_uxt7s_rJnBoQ8JviVhWMJS1D5brN_bXXG-jbWHprnxciwXtX6XoaWSGuVoQaJFSfXbpIrVeZOoSZBF-WW3CDF2mIQVjJgy799mLt2g4LYkfZ2wT81RXfz2lK9XSnIIpRc5yfFyPe9fwF3xdtv5v3d78AdDl_AK7TU&avtc=1&avte=4&avts=1733830882;https://ir.ozone.ru/s3/multimedia-1-o/wc350/7100238876.jpg;Музыка и видео;Музыка;Музыка
Lana Del Rey, (Ultraviolence) Кассета с Магнитной Лентой;535.0;3280.0;84;4.0;3;https://www.ozon.ru/product/lana-del-rey-ultraviolence-kasseta-s-magnitnoy-lentoy-1659352441/?advert=AAoBNFtNR2dX_JP5I1DHn9Krcjy-O5njTPQkwpXUI4lxOvHzw_vutPfj3CyJ3INlpgLN4xra6Iam3iVttav8Im9NEVT13UziPjo-FHy5QtME-1EMgggUZfQK_31fRfCK_Ds9AD64W6CPQr-0P4pEX879yhtc7Zt67dABVD-Qp8ycCr0gF7jLEVoFWIJ_rSKLz3oMQewlh21G2tI_KSHa6I0PBgm4Ou2RljMwF15228hUGcqneF-0_Xl9uoTRvPLBfp8UczjpeQhphxu9pxlYtKlPo-QmRJsLb5n4jUIUg6PitdqBhq6AGAPqfeERTil_ocQOZVpMJ8juzMvA8KynaP3x885xcK3uOhSMYe38weUg5lwr6dOnl844GPtceZPrcAToIyVtsxzTwPM&avtc=1&avte=4&avts=1733830882;https://ir.ozone.ru/s3/multimedia-1-w/wc350/7101731084.jpg;Музыка и видео;Музыка;Музыка
Альбом JUNGKOOK (BTS) - GOLDEN (SUBSTANCE Ver.);3715.0;5000.0;26;5.0;17;https://www.ozon.ru/product/albom-jungkook-bts-golden-substance-ver-1383572121/?advert=AAoB-Ea0ciKZFZD0OH7ajatJqCZYaLDZWuHWpuNMXm_ijlcvZ4m8QzmQhUGUZDG3tWItwaNZVSMR9pUM6hACf7YcncbUBPKAgMhuki2tnTQYEypm6pgfgghTlKL8uQktgjFJGGe_eLOa6S5P8CG7iLwMwxQBRxEzSxcwjdFUu_F0-UI2HApzjUERQHxVKo87aWgxcouq17yn8NcgBnp8QXqqV8X4a4oLCP9RPjGXqb4wf8iQgizD16XuypYaWoAcA0ACdRaAEFmhogEGLCv8uz-4CIvuosWnVr23YdFJCkdqi_kLyIM8LQQ2S37trKG2x2IH24tgKQJrFWXG7w0WTMS8Ksfah07OkS0z0R7IsvCWPHtCl5_b-iqC9wuAWbpVDUrHqqyyKUIBxmevPEub&avtc=1&avte=4&avts=1733830882;https://ir.ozone.ru/s3/multimedia-x/wc350/6889349265.jpg;Музыка и видео;Музыка;Музыка
Альбом STRAY KIDS - SKZHOP HIPTAPE 'HOP' Limited edition. + Standard version. 2pcs set;8979.0;35914.0;74;-999.0;-999;https://www.ozon.ru/product/albom-stray-kids-skzhop-hiptape-hop-limited-edition-standard-version-2pcs-set-1780669544/?advert=AAoBz9nPIFgK-eeq51K3NdH634ObePFVurpLJ03kvB6gNiJdfiwxwMhci4xH4sJMhUYN9zLbHvW6NJMGmhyKcymh9yigdYMRvaCQW2BK5yu9kHhopZLUMFSuaTLs0175VDXrYPRGDW1GTGwvvWHu4Scyk3MunUGmPGR_F_HG89KUW5Ks-teednCee6LisTHERd-5rPvocwfhfXgXe9ZKfw_FsXlC_Oi5CTGqTQMYCxrvp_2jLRgoDhimTuJmgAowMWjkxiRAL4KG4oM_XGHtuRZUaxe9iKuD_h6fSp_nXi6OrMbkm8WUIeNGh4XUpsIhHd0gUqKVqTPo4fqVxzqkDEv9wvd1ZFEUrVnGl5Fksp7896U43n-uBiWTEsofM31qVFoL_TOQRDE&avtc=1&avte=4&avts=1733830882;https://ir.ozone.ru/s3/multimedia-1-c/wc350/7223030832.jpg;Музыка и видео;Музыка;Музыка
Аудио диск XXXTENTACION - ? (CD) 2018 Caroline Digisleeve;2560.0;5311.0;52;-999.0;-999;https://www.ozon.ru/product/audio-disk-xxxtentacion-cd-2018-caroline-digisleeve-1625715503/?advert=AAoBO83djKGL-lx_H9mEB3jWs73GYBF9mAsOjAnyY7vEZORVysqKGheA-zYFPaVAM_nURf2GVkoeYbQa3hcqBxTb0wrTgeiLggPaS6xJqlatCtpY15DMZsSiCf0EJEtASYbC5WvsfUESaY6ijPfRJrFWVGgif6osPbpKMjFFpztSkzwi3SGE4IBtXP-G6zphFNORLH2lovBegzecCe5fSN3ag55OilDJGn30brmDlz8y8rnVNzQskmHivlDyPPJU21oglQVLF0bOaNWMa5EYLOw6pUSXyq2rkPmH9bM6mgg3mHuET3VyDdLzXluVYQqHu9WDIKcVrcoGJ-mdpQ1yhpgYd-rtj6b94uJMHvdiR3Fex68C_sL1ZhMX2-aEzx8PAeknhzWMu69xW8Y&avtc=1&avte=4&avts=1733830882;https://ir.ozone.ru/s3/multimedia-1-i/wc350/7077056526.jpg;Музыка и видео;Музыка;Музыка
Билли Billie Eilish Hit Me Hard And Soft;908.0;3712.0;76;4.8;6;https://www.ozon.ru/product/billi-billie-eilish-hit-me-hard-and-soft-1662168496/?advert=AAoBAgznRw2HSZG9xyzWKySFNKctBY1-n00r4T7TVxKfayy9vW7VrcRD2GzG_D_N-ByzYT2e-4ty9L3t9RlMFXE9Qy6Dctu0neHzzasuac55RDG2W-WesSPitw6iymC7rY7CmGzNkc-otBH_ijdLYJBe1wmN7KrOhMe42tu3NkInRCKOq2eR_Y3OoQAad0qw5NkadtVdQT7Z_3wYBEJMjClLfv9J9ICMRGWs3HRPimMpapBiT7CrNjqoIvhx-sMy8FOgYWyn47ngJPM-F91Iy8WtNeA-GVaHEABkXKBn5-e94gZ0WnpCeuhaszqvpAGkPH05OJS7l_ASFP2Atj5TM8u0Bl1SV7-zCpj1mWWXxy9WRjQay6krsQs7y0YZQMKtcsrO2xa8R_exDBk&avtc=1&avte=4&avts=1733830882;https://ir.ozone.ru/s3/multimedia-1-k/wc350/7104229652.jpg;Музыка и видео;Музыка;Музыка
Альбом (ПРЕДЗАКАЗ) Stray Kids - (5-STAR) 3-й альбом Version B, Предварительный подарок в комплекте(Фотооткрытка AsiaPopGang в подарок);1078.0;6266.0;83;5.0;4;https://www.ozon.ru/product/albom-predzakaz-stray-kids-5-star-3-y-albom-version-b-predvaritelnyy-podarok-v-komplekte-1660698847/?advert=AAoBtgemzXjgzs7e7MKCTJ4_rVa0dHxW2rGhEW1yShoYIGU5qC3PMkIvbsOrNi0mYdMap0tOK2na5XbTC_0BaL-LwcUQwidytLVwqv2YUj5bfByz1O6Z89HD3yLMgDrJNwROMQIHc9Gr6LJPP0MyzNKHH4iUvptEPxm8ZwBwLnLh-57NoLTHTXdpYQoovF8sE95Vrk2fpajHtmZoitXbjxdk-sSdiNtMDboqx2qajnGZecDKYGucPDpVsNUYBeuhHULG3K63s1Cb7K-NMgSqsaFZBlg4fq-O2mYdP_Lfmng6HJ2SBRmZuc8Q1s0WIN8JsKDS_Us9kamek6q9g6m3fnNOsX88zpCULRtS7_TtP2HSF68valQD8T4mrnWrVCp2CqMEgiBloqlI4fk&avtc=1&avte=4&avts=1733830882;https://ir.ozone.ru/s3/multimedia-1-w/wc350/7103036984.jpg;Музыка и видео;Музыка;Музыка
Билли Billie Eilish Hit Me Hard And Soft;908.0;3712.0;76;4.8;6;https://www.ozon.ru/product/billi-billie-eilish-hit-me-hard-and-soft-1662168496/?advert=AAoB85-7u_wCeP464w6HvWIUSW6bqPYsHxy4X11XS0LOov6nK6xXb6Q32qCOwotmxdwZpo3ni5PuEfKeQUIm1Uvc2bypwkmgjFZo5xlavUGrg8mbMF0I0JfNWKc9BsM-pIWfFLST-nOadxU0_dOPazGjomkDHfLGoCQax07CpWU6txmGK9G0O5yKhG_ijLqUOYwJxvnxezm-Mr943CTNl8944KQStOfH2rUXh1JGDNzzHLfT_Xmci1EYgVONL5359AwHuEpkeBiIgTemR6dfReBzhaDsxhf4P2diUlKTu7_QH30NDItorrYmP19t8ogcN6EvK4HzeoWfiA3LXo52gLlrrfMKOM3TiO5b0UdCLJdx0jET5n4sXjAP4LO9qVzu0WGMB1luf8E&avtc=1&avte=4&avts=1733830884;https://ir.ozone.ru/s3/multimedia-1-k/wc350/7104229652.jpg;Музыка и видео;Музыка;Поп-музыка
совершенно новый - 2CD, роскошное издание, посвященное 50-летию The Beatles Abbey Road;949.0;4160.0;77;5.0;3;https://www.ozon.ru/product/sovershenno-novyy-2cd-roskoshnoe-izdanie-posvyashchennoe-50-letiyu-the-beatles-abbey-road-1712366457/?advert=AAoB7CPVTc8MQtbd9t_EMMU6MI5b1MOZxR5VZ_1tACoZR9zDznBtTYVzxE1vyBdvTaAKOZpop1UQfua7-8VsM-9YAh7Sf18SZhObVvISlf4w59c-VaQDck31JBQaczK5ObWlSKKIsyuBtFsosGvXkU-ZZ3fEDZkHRrZrem58Tmacu0PZtFkuKUCLF5ab-bpY_GKXddfDcITVN2e3rmyg61Ff8P6pgoGFzytTcGpkt0DPHNTesolcXfwb3zorNgsd2AnRhhtk-PDqAzPrjHcqaSxqt3nVroFErTC3nryxuwKvHA0AZbrgcmqzUH2aHtab-9ngxcMAkOvUnbEi5yy4rFlUyl0V5tCWY6LecFQT__SXeh1hLGnAUIGHS1SpZabg-zqsZtdY-lgnyg&avtc=1&avte=4&avts=1733830884;https://ir.ozone.ru/s3/multimedia-1-6/wc350/7148359482.jpg;Музыка и видео;Музыка;Поп-музыка
Альбом aespa - ARMAGEDDON 1st Album ZINE (фотооткрытка AsiaPopGang);1403.0;8149.0;83;4.8;5;https://www.ozon.ru/product/albom-aespa-armageddon-1st-album-zine-fotootkrytka-asiapopgang-1669452128/?advert=AAoBbx8mICWafAIJ11TQdtHrbIGkrDwaXW5nSV5HzQXViy47up76YPfZNbxabPQTUgX1rVJuPjPb0Nq3mVVmef4NOhCrDnDRZNqndA2o0b4DuTs9XQVnV2z89nUYl6LKGfwooHw6LEx4ypB35abh2dAwFlOx9DRvKTC6QF8nM9b0d5kbo8vKEZVpqcd1PpANHTYpHIC90U1Uf998-uEVGN8jtgf6AyFoxtunTzVyx7LtFAh7QGX7BVtVIFJSiKPrGw4m0gfjSRJpt_rUho46MEf3ONeKcvpNV4gOKCuFuRTiIVMREHZXKmvcwRlpkFAewh3Xy02MkC9OA9BgQstNNryEF8gfuo_NkKW6sP2rTa6XFNXudbtzxQWPYQ61CQneJZZ9hPgj5FeQ6A&avtc=1&avte=4&avts=1733830884;https://ir.ozone.ru/s3/multimedia-1-9/wc350/7110294885.jpg;Музыка и видео;Музыка;Поп-музыка
Сестра Ariana Grande Eternal Sunshine CD;949.0;6460.0;85;-999.0;-999;https://www.ozon.ru/product/sestra-ariana-grande-eternal-sunshine-cd-1709088091/?advert=AAoBmpX-7gw4yxTR8rN52YJhCO6SEtxP3V6iDFaVLWUwSJ8_wYVL3nT9mD4Wxjhj5nJGeAQRi1tVmZrgOARfSjN4vljve1dWKxOtiS_0PMPMbAZoIgHj0zcga5bBP_Qtjvr8KXzSc1eCw58U89QaPO5tyQnnU8ttmrI18sRGd1owUMSbd8hCclOj0lQBsZqinjZfHf963n_xCCLA4NoIBk5uqImJS_JNTbcrhkX04B6QUsk8NPJ930Lg0v9yjW7YbeuXznkm22apxSnR-w1zEZverIJcKKoIpKKITzqLJOi4gqGB3wtY3oiFHW7DvGXn5lATR-hKbrY1V3iG1s-cyiiDvqk3xdZzNFXq2UkIJKBaMK8dxKWNEEIovJ0Uz6t65BkBJYzfD8nxrQ&avtc=1&avte=4&avts=1733830884;https://ir.ozone.ru/s3/multimedia-1-l/wc350/7144729617.jpg;Музыка и видео;Музыка;Поп-музыка
Альбом JUNGKOOK (BTS) - GOLDEN (SUBSTANCE Ver.);3715.0;5000.0;26;5.0;17;https://www.ozon.ru/product/albom-jungkook-bts-golden-substance-ver-1383572121/?advert=AAoB5ySGGTWqPSdA6ayF23_Mej2Z7tVGGMDd07Z4AINjoAJwC-HWi44cThALU1R31GiK02X7mtQTTRKuugnC8XGkpCvfGqdDQiGRFsmkDA_y3_Zj82z8iPVl8VLj34Vh5i-DUDP6s_5RehjUfRBYLnc_07Sh4dUt4XVl_pWOZDxAsNlEavEOsNyTO6vwczqXGDnFM6Yya8qSL-iX468OgTnMGKMee72ImN2c19_YVm2KJxNcvUQMFZ3riN6GQf0xKL9wE5zGinWrE9twu1oUWfmRjWFWALd3rnzu5O6u7k6qET1rcDI1r5YtsxnDlZK_xcBndIgKFORXOeuke7GG759J85fnDj_15Qub-Y8jeU3zh6_DJMPooN0TD5-ZHW3GmP1-oeln1tCsJs3t1fQ&avtc=1&avte=4&avts=1733830884;https://ir.ozone.ru/s3/multimedia-x/wc350/6889349265.jpg;Музыка и видео;Музыка;Поп-музыка
Charli XCX Crash CD настоящий Герметичная упаковка совершенно новый;908.0;4160.0;78;-999.0;-999;https://www.ozon.ru/product/charli-xcx-crash-cd-nastoyashchiy-germetichnaya-upakovka-sovershenno-novyy-1722267108/?advert=AAoBvOX5oDymNX62rWgjp3gcmpDlALvrD08r2dHriYlpHzrSKQy2OZUg35p-p55UzYfLJ9MiUsACLdYkAKUzzOYOcAXFQUKMs39LCQrv0lfyVupOmN5suakvyPbZcaTiOX213mumpjeg6_3OyqR5zLN6ZNihz3zyLm85GCKaMn5EQZ2536noGWsvvx-WisT21NxGLM4YAG-D2aCSDPlQdMVoOZgJ6lIC3c35JSpSfRLBcqNfJ45MePu8Zv8GeMQTPTB6zyynO6ZbKbdMeFC_4DfJKD6uKEa3MxdJx32O5F1VHtPo4uZIz4cRHH8aX0M7Iw7f7e6rZcBaUR2kcf8lUg2Frj5IT4loWEyUShjYxIp83rkrj70DoZfV7cNEAH6QsIc30jPuZW1FuA&avtc=1&avte=4&avts=1733830884;https://ir.ozone.ru/s3/multimedia-1-r/wc350/7151112063.jpg;Музыка и видео;Музыка;Поп-музыка
Pink Floyd The Wall 2CD диска подарочное издание;991.0;4160.0;76;5.0;1;https://www.ozon.ru/product/pink-floyd-the-wall-2cd-diska-podarochnoe-izdanie-1704212473/?advert=AAoBVkwhgAOUa9Q39PoDrtXpK6nhGI7kgRdpHCxon-0-GT5ny_UjnLSoNnqk0mq72YKCnwqVrRykI8IubZJhxDPZkVkF_HbLBPs4Y-t4PFf94PnxGiwC9HVdpiBAcT_BuPOgX382br2O1PECA_pNh9W-C13xXiWnBHq1vyPmAw7JWNfmfJdjaQsWIJ65UlcFcuhHSMJ5TFA85SNozHQ16c1ytcqq6A_uQDzcLNkwqaP6U9vrAoRgPKiCfblKczIH4MW4IDNYviVQmAPeAq3kcd_WTGtA39rRy85emyP8S0HdGPeMNdzIUTkKn-TPkvD1GGWk7uGqtdU-vjDN8UN0GbmOcVICzWorU98QpEALhgMAiypL96Kz3VNRoeZLmfSXsOdYZdJyyuaQBA&avtc=1&avte=4&avts=1733830884;https://ir.ozone.ru/s3/multimedia-1-5/wc350/7139874353.jpg;Музыка и видео;Музыка;Поп-музыка
Lana Del Rey, (Ultraviolence) Кассета с Магнитной Лентой;535.0;3280.0;84;4.0;3;https://www.ozon.ru/product/lana-del-rey-ultraviolence-kasseta-s-magnitnoy-lentoy-1659352441/?advert=AAoBSVmDDr-4NG4j8aAiMaRPygoAiTdzJaWbSEGkVk_oYEFJR4elhrOjLf74QhdTPePPiNwWn5KIUctFjBjEWgo5rb-AhV-Tsm6gu0UxWkjzY5SNzK0ozn2vep3WXxmUxQll61LkLdKl6THf45oXrJb8b1PWip3VZLJ07-jIjq0hP-_HFHwxg4QG7COpaeqSuphiVxejWKzELWaCJSVhtwnHfPtN_exOmouPbST-hiKQRaFzbrXTHwPHC9p2jt2INWPL9D1mcdRJ4tNsyhu8Bpq1-_uAn9CAWaGKzvESTJNyWimO6rarNZq7sslGtdwVPAiACJanvnndDUxAB6k7pJVNsA3Ll93Q2ONbbO7_rIRceTDUJv5yHVrp90rCtGwChxlKlLChHFM_sA&avtc=1&avte=4&avts=1733830884;https://ir.ozone.ru/s3/multimedia-1-w/wc350/7101731084.jpg;Музыка и видео;Музыка;Поп-музыка
совершенно новый - 2CD, роскошное издание, посвященное 50-летию The Beatles Abbey Road;949.0;4160.0;77;5.0;3;https://www.ozon.ru/product/sovershenno-novyy-2cd-roskoshnoe-izdanie-posvyashchennoe-50-letiyu-the-beatles-abbey-road-1712366457/?advert=AAoB0vfC5EdjrfhP2tLTO4dkU4yWqMK2T48CpFIVXQM5jrWaTSjXOJWW8VyzWX0Tf0VNkQZreHnxA8fSuu43gwgvf_XkOvFAYxfaN91TzaH2m6S_q6ISmiszln3_dxa8d1mcrg5YWnnfoFelZ99uMmxLQQ2L6h5mCBe8qLrlW_6SyoLD4m-NOe5eCKFvO8PW6Vs4QrmZDrvTvO5dp6wzYoOValk_FRbR5IbJSyqgSBxD8mb--sV_Cb_YPW7YnH62rLOW9krp2bBWpsYUiXWyUbCyYCn98efiHL4Td5kzIbrWxA5FsxAEuc8VZLwnJvOAnjDStuidVNARdl55ZNWQZgYMbArbLTjDgB5YH0aikbR1XyonVv231RzIWACKOfEcW6FZuAC33Ac&avtc=1&avte=4&avts=1733830886;https://ir.ozone.ru/s3/multimedia-1-6/wc350/7148359482.jpg;Музыка и видео;Музыка;Рок
Charli XCX Crash CD настоящий Герметичная упаковка совершенно новый;908.0;4160.0;78;-999.0;-999;https://www.ozon.ru/product/charli-xcx-crash-cd-nastoyashchiy-germetichnaya-upakovka-sovershenno-novyy-1722267108/?advert=AAoBKSfIZ1LoTRF77E1lOzNza_OAarEjaxUKj2W6YvzfA4F5f8MTPgGvrQILXvxSYyhJZ97VBRZ5knd8ez-e2M47hp7jNLH9ajyOMQtRy1X2Osm7ocLASpWgLYiBTcdPtgpi2LR-zCpC5UO-ZCCFIUBtamJ0snnzeQ_BoS7iNcBalQi-8shTb_SfRwQ-qfssmNtG_r9zySM0OHE_pJX9i2r0CkUsI23KKymk7MLsgm35XZE3JWV8AJltq08fygR0yxHxqytt5PUYdRCFJCLFU-uLkNJqchhpnHKlZTmITzShhJE4o8MdAzwcaz6oDet1K3r7_kE9GpxOwsiGAPtLeDB8WvydvSbsOoIa2f0Yd7NtqZlbHBPBCgeZlahY7RKYmkuapmUvLwJi4A&avtc=1&avte=4&avts=1733830886;https://ir.ozone.ru/s3/multimedia-1-r/wc350/7151112063.jpg;Музыка и видео;Музыка;Рок
Radiohead # OK Computer Кассета С Магнитной Лентой аудиокассета;693.0;3280.0;79;5.0;5;https://www.ozon.ru/product/radiohead-ok-computer-kasseta-s-magnitnoy-lentoy-audiokasseta-1657711953/?advert=AAoByLSxKe-UE7_xseuYqwCvSjgSFI2vi0r5mwz86JnHQN8MSTiEKmxGrGZMH5Np_My3HwILLlDYPTVs7LkuQP61DkP2HrSyI31XY0jpz1Q7ECudeBoNgeq-Cy-yTIsfdX77sJytlYJXgefdQ66aHMt5zP1ZG-W18WOvRr5OJwr5pOKZuR4c-o2002iwPXiNyZwd3iRWcxa_9Q1gedZNzLq0LnG1MbHv6Wo8QldQcWqukdXOMsMPKIhedQuOT9YuhDdYVIdeeHiKjtW4hQZJ6kOifzs3OqWX4cM3G0zv_Cam2kS5JrwqesgU1RZIrMh2m400x1ZjDgKX6EWSh2Ri-SAAjVdjaJQdJkrgxo7E5shKpu4KCoEZVUnzAgRCeuwrHX2Bb2Vc4ESHIQ&avtc=1&avte=4&avts=1733830886;https://ir.ozone.ru/s3/multimedia-1-o/wc350/7100238876.jpg;Музыка и видео;Музыка;Рок
Сестра Ariana Grande Eternal Sunshine CD;949.0;6460.0;85;-999.0;-999;https://www.ozon.ru/product/sestra-ariana-grande-eternal-sunshine-cd-1709088091/?advert=AAoBCGi4i4AAJPZl2Y9AB9rKqDx5vJZS0XcChX3xyvyk8vmENXx64-CGNMLlsK0DPzNLhiOVnM9ezZc_Q3xGiFj9UT2Siv6DUB7CcnD80Rofn_Hg4sUPeP98g8OYnyFjqprwuwy9DENw1H97440aEs7NTUoTMSrqFGsn_9MXXqz7kIGV4yTwoIhEkm-RHdn5wJtFEuXu_60mQF7-BrWUvNXpq9dEUA5uNRd9LDqSSRZx2n9cxdA5HM0slVqXcxixHn2i8JPcXZmGB4EclvMavwI93-P0j3aBLB9KLwi28gih85jtS-quQ8OpU9nn5ZDhj7CDr3hdFldvmGhaUsqTeJs6iJauh379JGVDgjva9nq2jgQD1SAej790qTrjHYuJ74Dcvglri1M4Zg&avtc=1&avte=4&avts=1733830886;https://ir.ozone.ru/s3/multimedia-1-l/wc350/7144729617.jpg;Музыка и видео;Музыка;Рок
Audio MC Кино. Группа Крови (Кассета, Album);1781.0;3925.0;55;5.0;2;https://www.ozon.ru/product/audio-mc-kino-gruppa-krovi-kasseta-album-1145482468/?advert=AAoBlN60worHxIC0pKJ5ZqH6XNEIj46MLjOVUe6LNbvTG9aRp3RgCoaBC9cZOLT3lCJUKiErZHZWRuVwWghP89quzK2-VWBXw1D6wYyVRsB-6uuLqrrU13hkJZgtUtoETaQMWv3p9knJIDMF1TrG6AgmzIS-E-iSBqZDM9XQqP803iL-DPvJOJ21rOmzYV9-Si5doHLCUeP-8VDRF0_RkJOeQEI8swg1_k6VJnAVgbKB2geybby2sI7s77RB6vDFpwq-qBUJEmCHRAbzd4K_5UAS1QjM4cPDCBwnDPyv4eaWMF5x5DfoWkrUWhAZRIifTbAKaeGGD1uBieYVoxtXxCwH0hYd6zFHqdhEqdPkKiYuhmdkqfTSmHSp2lX42UTruewaHuqqB07V&avtc=1&avte=4&avts=1733830886;https://ir.ozone.ru/s3/multimedia-y/wc350/6300771466.jpg;Музыка и видео;Музыка;Рок
Lana Del Rey, (Ultraviolence) Кассета с Магнитной Лентой;535.0;3280.0;84;4.0;3;https://www.ozon.ru/product/lana-del-rey-ultraviolence-kasseta-s-magnitnoy-lentoy-1659352441/?advert=AAoBLjIy1B3KwIZEIaI_kAKapf7dW1wJecVExcvN9_oB1MsxoBVMl6Mv2AimAlp4-fe95soK8uB_tVYMsjY9Yl-Z8SKMticxBYM5xmOQG0_wcsuBrY98J4i19zaM8fSJJSP8_LglpgLLVcbMD2HoJhiLlSpGRyD8f8277WXUQyxeK_61aDHYPc_90XN1kexp6HADQMHJfeTUTp3bJB9IEmqnm-9yzSYA87H-UYJ4VryZgVO73HI0fxorDLH_kq5fx__2Pb_lH--Eio_2dX4sp3BYRndV8oNecaPIcNr7KU2rxRqgZbXETArBE3kOGfTE0dPc3yYGzG_ETWx8yxfz1pmRm6Vb3mBjtTwWExAGS9Oe2_PwtuaxdeQ58s8EbrV3gYNyTCeazN7VGQ&avtc=1&avte=4&avts=1733830886;https://ir.ozone.ru/s3/multimedia-1-w/wc350/7101731084.jpg;Музыка и видео;Музыка;Рок
GENESIS - Wind and Wuthering (CD, Reissue, Remastering) Компакт диск;1735.0;2519.0;31;-999.0;-999;https://www.ozon.ru/product/genesis-wind-and-wuthering-cd-reissue-remastering-kompakt-disk-1775034488/?asb=bt3PSCv8uF87Cg1lqkJ9AV2ivLrmjTry%252FhRtUQHLvog%253D&asb2=QPwDVug9urnFDCHa-MqtuCoauzBHmAsajeGaFooYpypqENbKcwfpUm7l9nwqTims1Rk0uGuvH1LcWm0A7PxvHA&avtc=1&avte=4&avts=1733830886;https://ir.ozone.ru/s3/multimedia-1-o/wc350/6930014712.jpg;Музыка и видео;Музыка;Рок
Тайм Аут / Жертвы Научной Фантастики (CD);1094.0;1390.0;21;-999.0;-999;https://www.ozon.ru/product/taym-aut-zhertvy-nauchnoy-fantastiki-cd-1726807668/?asb=0q15wqOQ%252FvBguv2myKWLAQQKsu7wbRGp1hXEPYrxMcY%253D&asb2=QPgW5M2NzLWM3kW7Q25F2IC9f76F_tkYckwcKeJi12Buh6plBGVE2_g2oU7sWCokRotWTnw0kG_-ePn0rh64OQ&avtc=1&avte=4&avts=1733830886;https://ir.ozone.ru/s3/multimedia-1-j/wc350/7159968955.jpg;Музыка и видео;Музыка;Рок
Стражи Галактики Guardians of the Galaxy 1.2.3 - Star Lord Саундтрек к фильму Кассета аудиокассета;693.0;3280.0;79;3.6;5;https://www.ozon.ru/product/strazhi-galaktiki-guardians-of-the-galaxy-1-2-3-star-lord-saundtrek-k-filmu-kasseta-audiokasseta-1657301403/?asb=Jfg7SOhCgBBlTDPyzbvj99GyX8TLsRri4cKWKO5cVTo%253D&asb2=aYbKA969TES9zjs0bhwD_nmK694yF9opjyyAlsN9UwQcUGyC1qnPZj5yuuTkDi4E&avtc=1&avte=4&avts=1733830888;https://ir.ozone.ru/s3/multimedia-1-a/wc350/7099863886.jpg;Музыка и видео;Музыка;Джаз и блюз
Стражи Галактики Guardians of the Galaxy 1.2.3 - Star Lord Саундтрек к фильму Кассета аудиокассета;693.0;3280.0;79;3.6;5;https://www.ozon.ru/product/strazhi-galaktiki-guardians-of-the-galaxy-1-2-3-star-lord-saundtrek-k-filmu-kasseta-audiokasseta-1657267894/?asb=tH2XaaxELBAl1ToeQiro9e6YqawECGqTsP9urDqQdhM%253D&asb2=MzpulIoTFHDSUnEUp3pruDccrw-LuZHBIkcL9JypYVbFfv7EaAkb89-deNTqoMEFcMaVHhPkZqWu4o-cf8lH3A&avtc=1&avte=4&avts=1733830888;https://ir.ozone.ru/s3/multimedia-1-b/wc350/7099806971.jpg;Музыка и видео;Музыка;Джаз и блюз
Sade. Promise (CD) (Компакт диск);2255.0;3899.0;42;-999.0;-999;https://www.ozon.ru/product/sade-promise-cd-kompakt-disk-1777226342/?asb=JvSYmP6KWeayuu6HGyoDQml4Gy1yBBuSNjc3Fjpp%252BU8%253D&asb2=8PaWNzRUy0LfuklK6BxJOb2ayPPD84MkYSx6BGpldaNm-BxCJqdzqWNXhQhEqRUB-mj-o_7T0V4QSXjfRAnWOw&avtc=1&avte=4&avts=1733830888;https://ir.ozone.ru/s3/multimedia-m/wc350/6040487026.jpg;Музыка и видео;Музыка;Джаз и блюз
Стражи Галактики Guardians of the Galaxy 3 - Star Lord Саундтрек к фильму Кассета аудиокассета;548.0;3280.0;83;5.0;3;https://www.ozon.ru/product/strazhi-galaktiki-guardians-of-the-galaxy-3-star-lord-saundtrek-k-filmu-kasseta-audiokasseta-1657310679/?asb=rDorPWR4tzjE4is43aAqEMh%252FZBy%252Bwq4Zq0UkpVEW68c%253D&asb2=xETejTmGM1Jz1aKSmZC89CChIz4CqWi7c7BZwpTvxZoAsS7QpboJAgyOC9xDyukKoAl_8E2hwdPG5LqmUf5OJQ&avtc=1&avte=4&avts=1733830888;https://ir.ozone.ru/s3/multimedia-1-g/wc350/7099879552.jpg;Музыка и видео;Музыка;Джаз и блюз
SINATRA, FRANK SINGS FOR ONLY THE LONELY, CD (Компакт диск);1692.0;2145.0;21;-999.0;-999;https://www.ozon.ru/product/sinatra-frank-sings-for-only-the-lonely-cd-kompakt-disk-1777218684/?asb=bzPOy7uYNZo%252Bn%252BaE7dLkGBybza%252BP63oyI8Nrvo2Ks6Y%253D&asb2=sobZkwO4hbzD8-ccB0jzhr-ZuRAPOg7K_W8aIW-PyMKZAUPF_i_F-1IF_gEjuH5e7Ein1vzHJ02SjMJoZFenUw&avtc=1&avte=4&avts=1733830888;https://ir.ozone.ru/s3/multimedia-o/wc350/6401074008.jpg;Музыка и видео;Музыка;Джаз и блюз
The Ornette Coleman Quartet - This Is Our Music (1CD-Аудио, Europe 2005, Фирменное);3385.0;5300.0;36;-999.0;-999;https://www.ozon.ru/product/the-ornette-coleman-quartet-this-is-our-music-1cd-audio-europe-2005-firmennoe-1777301517/?asb=7TJB676DuDjfLRUlEWokoXewNl77Ehw3EGa%252FoGhAYmM%253D&asb2=0LeWP079Duw3AS2kAs4bTYIeezWPZDyf1QB4sfCySPujLqyrzrs9i_jF_f4LELUOWziuJ9AiwJedljFEynPznA&avtc=1&avte=4&avts=1733830888;https://ir.ozone.ru/s3/multimedia-1-3/wc350/7219474815.jpg;Музыка и видео;Музыка;Джаз и блюз
Triade: Piromalli, Boisseau, Larmignat (1CD-Аудио, France 1997, Фирменное);3822.0;5980.0;36;-999.0;-999;https://www.ozon.ru/product/triade-piromalli-boisseau-larmignat-1cd-audio-france-1997-firmennoe-1777301510/?asb=MzNuYVDWE8Rk3zrd6O02JWbaCc2C4alawIZrdH3LWwo%253D&asb2=21YToxrczVhl8ceH1JTtTazAdwEu7sY5vi1aH_Xb9vEymJsVwDxHoqhsvrqHj8qnrixpZPQb_QGq-nHhTGlA5g&avtc=1&avte=4&avts=1733830888;https://ir.ozone.ru/s3/multimedia-1-f/wc350/7219474899.jpg;Музыка и видео;Музыка;Джаз и блюз
Miles Davis. Original Album Classics (5CD) (Компакт диск);3383.0;4549.0;26;-999.0;-999;https://www.ozon.ru/product/miles-davis-original-album-classics-5cd-kompakt-disk-1777223202/?asb=z%252B4b1WdHxc7jymAmGUb2DdGcQ6XTOgS5z5Eh7erKHaU%253D&asb2=ww2Vw19Ju826jJLQzq6-boShajXHFjyCpVdQvgGNBqHW3pBMy1-dT6h21GafFhoZ6m9Sev8BTadPf9Doswr0tQ&avtc=1&avte=4&avts=1733830888;https://ir.ozone.ru/multimedia/wc350/1022738413.jpg;Музыка и видео;Музыка;Джаз и блюз
Альбом aespa - ARMAGEDDON 1st Album ZINE (фотооткрытка AsiaPopGang);922.0;4500.0;80;5.0;3;https://www.ozon.ru/product/albom-aespa-armageddon-1st-album-zine-fotootkrytka-asiapopgang-1701552238/?asb=OVvId0%252BU9WNXU9BzJ2rcbMBpWbBSEtFJ3eCsjW8JhmM%253D&asb2=TF2pAs1Ked3nji_brY9nKaiDzdyi0-AR94FEZeR-d8dcou4dhbfaT-9et1B2Fiqh&avtc=1&avte=4&avts=1733830890;https://ir.ozone.ru/s3/multimedia-1-x/wc350/7137405141.jpg;Музыка и видео;Музыка;Электронная музыка
Сектор Газа - Избранные Хиты диск CD;461.0;650.0;29;4.6;59;https://www.ozon.ru/product/sektor-gaza-izbrannye-hity-disk-cd-1549685426/?asb=WCttbnvlH1L0R53bCj0KXL4yeWdAPugcO4Aa7YxVO1g%253D&asb2=tzAc_FfqCtqtW69kAJQy0ja9irYgim-BlaLvYu8yiFdKairylSa7c4RscNEjUZcPOlvC9c2TTgBiHCZgE-giPQ&avtc=1&avte=4&avts=1733830890;https://ir.ozone.ru/s3/multimedia-1-0/wc350/7070238828.jpg;Музыка и видео;Музыка;Электронная музыка
Руки Вверх - Полная дискография 2 (2004-2024) (ЗАПИСЬ НА CD-R);519.0;4057.0;87;4.7;11;https://www.ozon.ru/product/ruki-vverh-polnaya-diskografiya-2-2004-2024-zapis-na-cd-r-1719311765/?asb=DLrP1z2BYmkpQC4LIo5KreKu8QCHbKD%252F68KVh2IFRGg%253D&asb2=uxSm7urcTKFToX26YnTptRUObtaipwuiFJ64DX9mJjSIqLutAwqa5-jbl2HH_wdCp2TTiXS8clv5U6dIAZN_lQ&avtc=1&avte=4&avts=1733830890;https://ir.ozone.ru/s3/multimedia-1-m/wc350/7153890502.jpg;Музыка и видео;Музыка;Электронная музыка
Легенды РЕТРО-FM 70х-80х-90х Зарубежная Версия диск MP3;451.0;600.0;25;4.4;40;https://www.ozon.ru/product/legendy-retro-fm-70h-80h-90h-zarubezhnaya-versiya-disk-mp3-1549685375/?asb=1kGFHCVQpSmDgZ65Ucft%252FdEJx7M%252FY6Vap3J7aPOiYck%253D&asb2=PLXvnnCo7rV90WvKYQiEuSY2CG8qmTEphBxg-k45miuYh4mxKZYJE-f-uig-x_Ccqb44L7n7Zmn3p-nJPRUxiQ&avtc=1&avte=4&avts=1733830890;https://ir.ozone.ru/s3/multimedia-t/wc350/6802468589.jpg;Музыка и видео;Музыка;Электронная музыка
Король и Шут - Золотые Хиты диск CD;461.0;650.0;29;4.6;58;https://www.ozon.ru/product/korol-i-shut-zolotye-hity-disk-cd-1549688168/?asb=rSEO%252BOh05qYrRw3wOS7nVAFDRYhyu3c8%252FGA%252Fd9uxJFQ%253D&asb2=0IpiJb9bG_Y2vs2fTjRxylkjDOOpr5iHYFyjD3BYmcs6Z_D47VC_X_geB-K1II05ubjf6GOD6ddlMWYDwLQQgA&avtc=1&avte=4&avts=1733830890;https://ir.ozone.ru/s3/multimedia-1-k/wc350/6939901424.jpg;Музыка и видео;Музыка;Электронная музыка
КИНО и Виктор Цой Лучшие Песни диск CD;461.0;650.0;29;4.5;51;https://www.ozon.ru/product/kino-i-viktor-tsoy-luchshie-pesni-disk-cd-1549685222/?asb=IHYvQEF%252FnS9ckvydCAX%252F%252F0K39oH%252F4ep1J5CVozTgAfM%253D&asb2=a2wcHRRaIkjt6gjL2N2OSsjFr-HMeiwD2ejJlVeoyCTUo9qzkewm-KjYchqBUX84BEM9PyyW6rd3DIRuaKh9yw&avtc=1&avte=4&avts=1733830890;https://ir.ozone.ru/s3/multimedia-o/wc350/6842770224.jpg;Музыка и видео;Музыка;Электронная музыка
Modern Talking - Gold Collection диск MP3;451.0;600.0;25;4.7;75;https://www.ozon.ru/product/modern-talking-gold-collection-disk-mp3-1549685174/?asb=MWVuV3f8w%252F6%252FteKQseOAPTZ9WCu26Q2%252BWsX1xM8OUDI%253D&asb2=gs2TVH5UyMyaHJBvWNIuDPHStIzpZdcZxGahDwoKXoiZs5yIljyL-VhnkyWG-gyO7DkfKzKQEbFzN34w-PjIFQ&avtc=1&avte=4&avts=1733830890;https://ir.ozone.ru/s3/multimedia-1-f/wc350/6949236255.jpg;Музыка и видео;Музыка;Электронная музыка
Romantic Collection 80-90х диск MP3;461.0;600.0;23;4.5;67;https://www.ozon.ru/product/romantic-collection-80-90h-disk-mp3-1549688143/?asb=s2ujMMKxGEJkQHMh2QkAeGDLZg4fc3I9NZdvgLwFilc%253D&asb2=ngA0tfgujLIqddO7h0oWGsM7qU4-UWx6Gmivrz4wENYRyv-UJnu_z5XkD9dKi8EdHEsq2zz9tqcwMlW6RJbhoA&avtc=1&avte=4&avts=1733830890;https://ir.ozone.ru/s3/multimedia-1/wc350/6810034717.jpg;Музыка и видео;Музыка;Электронная музыка
совершенно новый - Компакт-диск с альбомом хэви-метал группы Metallica 72 Seasons;991.0;6460.0;85;-999.0;-999;https://www.ozon.ru/product/sovershenno-novyy-kompakt-disk-s-albomom-hevi-metal-gruppy-metallica-72-seasons-1711547292/?advert=AAoBQKwHS8gVwx1xF2hPuYy8joiQAZTOzAUjOk01U6Bql2Cxm9fygScG8SIapQSAuucWTwyjrgC9yPHco6UMzCtHDJMWo5wSNDvXoxT_nI0S17_m4gOBtuxJnSrKS8NsJG_mddrZhQdG1dRYVfY3sDgZB0qe-mI5dH5XxB6VDPiG--xLRYICMRVpY9DQefMTHzplxM0DgclysyIIt4wWtK5nSRCHkPa0GFD0hFhFgXOuwNkO3JkxqPl0w6qzWxDEyzedks6DIA60KRfrG8Lc0y5s8VamYSHaPzuyrgtzmVSX0T_w2LPs-Y_c6Sfxz7CFM_jb-fXsO_Uw_e67oJXyJRKVIs0gG8MgVsl2_Pdru89QOjqGYYD67FlRl7-U3uGm2yib3rcNmrxS&avtc=1&avte=4&avts=1733830892;https://ir.ozone.ru/s3/multimedia-1-d/wc350/7147460605.jpg;Музыка и видео;Музыка;Метал
железная леди Iron Maiden Senjutsu 2CD тяжелый металл;1114.0;4400.0;75;-999.0;-999;https://www.ozon.ru/product/zheleznaya-ledi-iron-maiden-senjutsu-2cd-tyazhelyy-metall-1723346481/?advert=AAoBTqVOOZ0VoYf_22qUyO-DMKpJWC-x1bMXGDtGyZRThJCtYiIRLpIa_eleJhUNobQMv7Suz2rifrHvmzwSuvahL05NL8eqmYH-Afn5ASpR5sk3aYVsWdl98nHh05maStNsTudZyQ9Ny9Mm8uwwv-ot2K5SIGWE_vqAu5eucdjB82vv-qdr_nf--9JCKERRYMiG8WAkK1RV0rI0uLrhXuc2UgtEHrvS8NCo0F0PaKe3DD2JrHyeDktYQiEbWvMBq5dcfXXXWw4uIWBm9g8ccg0zCmoG3E5dCwUFjAvtZzCjJ8LILOTYW-jdxx-55yvidTD0BfSVvNrbRIiRCof3M_6pDZgvVILv2eTr2jeH73bc8NSg6xTs5W-dPB8qNoMVKw&avtc=1&avte=4&avts=1733830892;https://ir.ozone.ru/s3/multimedia-1-8/wc350/7157206448.jpg;Музыка и видео;Музыка;Метал
MARILYN MANSON. One Assassination Under God chapter 1 (компакт-диск);652.0;790.0;17;5.0;127;https://www.ozon.ru/product/marilyn-manson-one-assassination-under-god-chapter-1-kompakt-disk-1763086663/?asb=EUWinhVM%252BfFclb8j6%252B7dBzgbxHX9laAZKHDMQ79hfak%253D&asb2=wWb1C6p-JpQ2mhzPB8so_i5seD0nPSD7MCSUZsFlBIgPAnr_fM2chlvEeDsUdqDX_928DONhiS3rDRPtZGL5Rw&avtc=1&avte=4&avts=1733830892;https://ir.ozone.ru/s3/multimedia-1-q/wc350/7207570358.jpg;Музыка и видео;Музыка;Метал
ATHENA XIX. Everflow Part 1: Frames Of Humanity (CD Digi) (компакт-диск);652.0;790.0;17;-999.0;-999;https://www.ozon.ru/product/athena-xix-everflow-part-1-frames-of-humanity-cd-digi-kompakt-disk-1777098198/?asb=U%252BHZub6ne8n%252Bh5s3yehAHF%252FpiG9CfRNVMe%252FeR1xKRQ4%253D&asb2=ewVXcGIKUo72P7Kfv3xGPb2Bu0--7SuM0FHLAL6D3bsK6PnDcNlFu_EJnW0f5RhM8LIoO2FsWnYJ7v9-pX2d-w&avtc=1&avte=4&avts=1733830892;https://ir.ozone.ru/s3/multimedia-1-w/wc350/7219208156.jpg;Музыка и видео;Музыка;Метал
Paradise Lost - Symphony For The Lost (2CD) 2016 Jewel Музыкальный диск;2399.0;4977.0;52;5.0;1;https://www.ozon.ru/product/paradise-lost-symphony-for-the-lost-2cd-2016-jewel-muzykalnyy-disk-1416867067/?advert=AAoBwolJcmN9YPVwm5jst8E6WNIV-6kQWiKuW8nPhpNJ10ThoxjhYFymLSpG4tnJKHxbUl3bRcru-6LWHRmfUKzlirETpqepLf2gKSFBHO7do_yxEgsXDElPjJZY6fsm65X_CFh0VS2DNUaBEzKLfxq5ZRpY97YoFvDRLEn0Dj2EEOiW5U7J--Cj7LxBJw8YBkEhyYDndJI7Twn_D7_rIF7KUcaWEJ__dJGTXRRsYEHn-H-IRdFCFNYUf9hkAIPDfZD0rJ3EGLVv5iQDGl_Sk5jT1mgihCT_J00yTxiiBpwHcsvrz8AIss1nk1tNEclKDm8JpH_NZvls6--k_SQ-C9rYjEuUT3laML9RYGWivBAATjBa__vUltsmEgAzQ5lglD1mopHN24OHlrE&avtc=1&avte=4&avts=1733830892;https://ir.ozone.ru/s3/multimedia-1-c/wc350/6917175120.jpg;Музыка и видео;Музыка;Метал
Morgoth "The Eternal Fall/Resurrection Absurd" CD диск 1990 Death Metal;596.0;722.0;17;-999.0;-999;https://www.ozon.ru/product/morgoth-the-eternal-fall-resurrection-absurd-cd-disk-1990-death-metal-1767490299/?asb=x8Z7bGlwvcId1rcsc9DnVRFK10AGoE2Th6tg1zkQbg0%253D&asb2=-J9gTb_5v2utAuSMZ-87y6HNIZwm7EIaa0n_wQlQDjBBdebZTcu_Tz4MDsu1a0Q-RB0WbHwC-VM4woPbX806XA&avtc=1&avte=4&avts=1733830892;https://ir.ozone.ru/s3/multimedia-1-k/wc350/7207650920.jpg;Музыка и видео;Музыка;Метал
CD-диск Marilyn Manson - One Assassination Under God chapter 1 (RU) (CD);1015.0;1230.0;17;-999.0;-999;https://www.ozon.ru/product/cd-disk-marilyn-manson-one-assassination-under-god-chapter-1-ru-cd-1778268013/?asb=4Qa4OBnVAphtxSZXWO9ulfsJZt9eW%252BsVFfieZCGrMWI%253D&asb2=0Kl3wphlkb3JRZypXGVe8hyLF_a-GRl3PZaQtY2KvN87NtvnWOUHgyrPNs6-Eo5Spvmio7VgP8fXQWKqOsONOA&avtc=1&avte=4&avts=1733830892;https://ir.ozone.ru/s3/adult-placeholders/wc350/plug8.png;Музыка и видео;Музыка;Метал
Axel Rudi Pell - The Ballads IV 2011 г.;509.0;616.0;17;5.0;6;https://www.ozon.ru/product/axel-rudi-pell-the-ballads-iv-2011-g-1573802053/?asb=WsMbCwfKF1NjmXsRWCIHA5DGIGCLTc9wUg%252F63pAL68Q%253D&asb2=prE3lu3vAXiEyjs1tyZpJUzxkf4B95wxh507pnV2yiZPDi1VM_5svawjDtHJulEoKh1wJi0AKHMWIoamJ7bPzw&avtc=1&avte=4&avts=1733830892;https://ir.ozone.ru/s3/multimedia-1-h/wc350/7027458101.jpg;Музыка и видео;Музыка;Метал
Канье Kanye West Yeezus CD Диск с рэп-альбомом;870.0;3712.0;77;3.0;2;https://www.ozon.ru/product/kane-kanye-west-yeezus-cd-disk-s-rep-albomom-1662170132/?advert=AAoBzkxCHRLMKk4pUaqCp_VV-yxxntra2y-9fvy-KGnqEJW3dCTi1bFj5YpWIUuGbvswSJo7heLmN36xM0HNGrE1ryou72TuXptuK6a1mDDntNm-BJdGt4QrwkWXmvS0bwSyDs7m2F6U4T8T1D2xXoIixdHizmw8610GI4w4jfEn7ruqblwUPjgSRCM7cuvK7Cc3ytmOSVyQdLIlJx-TEU3SDQEMRpf21MvVS6qiP5Z_88SEUn29flE1fMyKZDC-WjAncGzHXrXl1H1xonPRwcDQkxRcf9696iZUYCbcU2MWdOX56_okxIbYAfbAKnzSMcG64V7Wj_kAnP1wgdfq2UXNnLq2iIZauNkGoQfEWxABiapRhIqLz8-x0sDp_A&avtc=1&avte=4&avts=1733830894;https://ir.ozone.ru/s3/multimedia-1-z/wc350/7104236219.jpg;Музыка и видео;Музыка;Рэп и R&B
Justin Timberlake. The 20/20 Experience (2 Of 2), (CD) (Компакт диск);867.0;2300.0;62;-999.0;-999;https://www.ozon.ru/product/justin-timberlake-the-20-20-experience-2-of-2-cd-kompakt-disk-1777215839/?asb=6E52S%252BJEfSH4m9wDqVlRjqfyzZiZPDoqiB8N%252BHICi3A%253D&asb2=J44PKIfTXduPLB7LScd5RiVbANhpCMIVTPaBr4jV7au2c8rMda5WtHWhj3CpwF5gsfhGpvF8pOwu24wCBvVHXA&avtc=1&avte=4&avts=1733830894;https://ir.ozone.ru/s3/multimedia-q/wc350/6044903618.jpg;Музыка и видео;Музыка;Рэп и R&B
2Pac Maximum 2Pac, аудиокассета, кассета (МС), 2002;2328.0;4000.0;42;-999.0;-999;https://www.ozon.ru/product/2pac-maximum-2pac-audiokasseta-kasseta-ms-2002-1776062934/?asb=v%252BppDHqELr0RtyQpNi29o5eCfhhTyTZv9aPoamHNZTs%253D&asb2=DGcwZ4-YlwbnqgSH2TkyesqMfLDV4kFP-dEKQSJF_N2YWIH8hY-dlm1fncZg2-gStU7vReNxLZDFAMC-D1LgqQ&avtc=1&avte=4&avts=1733830894;https://ir.ozone.ru/s3/multimedia-1-v/wc350/7218075847.jpg;Музыка и видео;Музыка;Рэп и R&B
Beyonce. I Am...Sasha Fierce, (CD) (Компакт диск);1561.0;2339.0;33;-999.0;-999;https://www.ozon.ru/product/beyonce-i-am-sasha-fierce-cd-kompakt-disk-1777215330/?asb=fciCBBVSYySX9MHzg7%252FRF%252FdoroCgBzLjiVd5eaWrjRs%253D&asb2=2D23HPNrW2vqZbOnMaa0w4Ml_3Ctp5dB9HkhCO1jk6sEnou3B_QiJGCw-gclSd5kSF1Ab8hTy5AFuqScCQj1kA&avtc=1&avte=4&avts=1733830894;https://ir.ozone.ru/s3/multimedia-z/wc350/6034225451.jpg;Музыка и видео;Музыка;Рэп и R&B
50 CENT, Before I Self Destruct, CD (Компакт диск);954.0;1899.0;50;-999.0;-999;https://www.ozon.ru/product/50-cent-before-i-self-destruct-cd-kompakt-disk-1777214633/?asb=FOGbItjBZ4qUSVG9b4jR9uqxptvaVoa7%252F5g7eUd%252BchM%253D&asb2=LwJJ6XSeN3bEX-n3wRxaWlT5SW-niWj2cfifctjBlLCONquQWYaR8x6LL0vOGGYnSYqpmH4E-n_YQRhXnVkJww&avtc=1&avte=4&avts=1733830894;https://ir.ozone.ru/s3/multimedia-k/wc350/6591633464.jpg;Музыка и видео;Музыка;Рэп и R&B
Аудио CD, "Romantic Collection 8. Tet-a-Tet";732.0;1133.0;35;-999.0;-999;https://www.ozon.ru/product/audio-cd-romantic-collection-8-tet-a-tet-1778226560/?asb=AAZktOCx93bE%252Bmdmx2PkeB3IakzlfPUIvBw7iJp4lw8%253D&asb2=A3HcLwpWtDlBKtonOg6y31PhMyCmaSH9ruauQuSmPaleqU9x6qt_dteb4kkXVhnPyepS8GW8tYfmBcuX4OyC4A&avtc=1&avte=4&avts=1733830894;https://ir.ozone.ru/s3/multimedia-1-m/wc350/7220634142.jpg;Музыка и видео;Музыка;Рэп и R&B
Gorillaz - Demon Days (CD диск);592.0;1307.0;55;4.2;4;https://www.ozon.ru/product/gorillaz-demon-days-cd-disk-1639490016/?asb=31Yhi7cMpc1GLHFEz6cPwOddOcZKWsFhewACOYhaIlE%253D&asb2=TpG7KwEK5RAdrq2wOCbIgX83j-Ji5-r1_lnRZQAmEk-jS_SlCKU70oTAgOIOWvDG3ePxMI6qSmHOPulc87Gbxg&avtc=1&avte=4&avts=1733830894;https://ir.ozone.ru/s3/multimedia-1-l/wc350/7085275329.jpg;Музыка и видео;Музыка;Рэп и R&B
Альбом (G)I-DLE - I SWAY 7-й мини альбом;584.0;1407.0;58;5.0;10;https://www.ozon.ru/product/albom-g-i-dle-i-sway-7-y-mini-albom-1673124917/?asb=ZUIG1A4dUICJGylLduHsWKY3w%252FMIK9KqFUG4OdZDlPk%253D&asb2=q-4ttvpweHzFsadOU4ffHlierFL2Vj3eXqOQ4x-XEI2-_V25WRrHdq0p534sIY5URg0mnGgbrXrHmpUa3XZcRw&avtc=1&avte=4&avts=1733830894;https://ir.ozone.ru/s3/multimedia-1-9/wc350/7088257953.jpg;Музыка и видео;Музыка;Рэп и R&B
Bob Marley - The Best Of LP / Боб Марли - лучшее из;2697.0;3995.0;32;5.0;4;https://www.ozon.ru/product/bob-marley-the-best-of-lp-bob-marli-luchshee-iz-1563581672/?asb=gkIs5Q%252FGwB7mOi4YAuUZ4BztN%252BcY9Q4KvT0k8onO61s%253D&asb2=uqZZhQgo13iz1W_ev2NAbVDkOAap6cGVPPFcYXPoL3J-1UFBa9lc-oRmJbL8Nfbt&avtc=1&avte=4&avts=1733830895;https://ir.ozone.ru/s3/multimedia-r/wc350/6611679999.jpg;Музыка и видео;Музыка;Кантри и регги
Аудиокассета UB40 Geffery Morgan;2167.0;7500.0;71;-999.0;-999;https://www.ozon.ru/product/audiokasseta-ub40-geffery-morgan-1781287556/?asb=Hlmf27gKy7bdodFOfI1IOTwLGSDBmRnRs2d7zwP0JWY%253D&asb2=raJ6hEaM14qgEVKSbC_-Dk77Xz4rMKDHKWEZhZCbYSW64QQ2745f1ITSUEqkRyWTtZNif8jU3i16_jUXGBkDhQ&avtc=1&avte=4&avts=1733830895;https://ir.ozone.ru/s3/multimedia-8/wc350/6760896668.jpg;Музыка и видео;Музыка;Кантри и регги
BOB DYLAN, Sing Out! 1961 - 1962, 4 CD (Box Set) (Компакт диск);2863.0;3699.0;23;-999.0;-999;https://www.ozon.ru/product/bob-dylan-sing-out-1961-1962-4-cd-box-set-kompakt-disk-1777225453/?asb=C6vTBJ3uH%252Fl%252FHF3qMUi0mk%252Bx%252FGjAlNQmTwErvfB9S6M%253D&asb2=f9aIyPU69NBIAcYB58mXRXbEApEWfSqhXuYv0aVPREjmY_BWpzHWfDFFSdkxPHdgmYIpGJU0LOeGAuG4JFTP6Q&avtc=1&avte=4&avts=1733830895;https://ir.ozone.ru/s3/multimedia-1/wc350/6646734253.jpg;Музыка и видео;Музыка;Кантри и регги
DAVE STEWART, The Blackbird Diaries, CD (Компакт диск);1301.0;1899.0;31;-999.0;-999;https://www.ozon.ru/product/dave-stewart-the-blackbird-diaries-cd-kompakt-disk-1777217302/?asb=fNZtRfsZYjfCI5zjs%252BTGH6srxPnZy7iVVFnqaiwAzEg%253D&asb2=4Ol303NbEW1pnV3DKewcFSFSh52f4DLaeMgxxI5UKIkHgdsqyxEbdGqlEcrxSYhtzgAha5-cY3GasADoA1POkA&avtc=1&avte=4&avts=1733830895;https://ir.ozone.ru/s3/multimedia-c/wc350/6644964900.jpg;Музыка и видео;Музыка;Кантри и регги
JOHNNY CASH - The Best Of Johnny Cash (CD, Collection) Компакт диск;1561.0;2599.0;40;-999.0;-999;https://www.ozon.ru/product/johnny-cash-the-best-of-johnny-cash-cd-collection-kompakt-disk-1775034625/?asb=FKBLSzKDATMLy3iXKcfRUd2W0e5zJHkBUGElMkoWNWA%253D&asb2=e_5x84cK-HXEs1hz8yX8qWIyARUWmJK3XXxCyb-pQO3WsZKVwTJqAp1l0M_7-3mlAqBWwgPT5NaD9r5ztSOp-Q&avtc=1&avte=4&avts=1733830895;https://ir.ozone.ru/s3/multimedia-1-5/wc350/6967003325.jpg;Музыка и видео;Музыка;Кантри и регги
ELVIS PRESLEY mp3;465.0;600.0;23;4.9;8;https://www.ozon.ru/product/elvis-presley-mp3-1113904547/?asb=0R4kUXJgCHsV4Fa%252FXljVBv8fUCNhy1qR3LgjYPJFxSA%253D&asb2=HM50jivz1X3HZkCl_JdpJhvE6U9Wxg3JvFd3VDfcdCG_FK-BuhGsK_fy_oARz2YhXzxB9EPRhWUCxLX9ToFsEA&avtc=1&avte=4&avts=1733830895;https://ir.ozone.ru/s3/multimedia-2/wc350/6718031786.jpg;Музыка и видео;Музыка;Кантри и регги
BOB MARLEY & THE WAILERS Trilogy, 3 CD (Компакт диск);1474.0;2599.0;43;-999.0;-999;https://www.ozon.ru/product/bob-marley-the-wailers-trilogy-3-cd-kompakt-disk-1777223010/?asb=8xcDbhD5rSYRCAEZi%252FobZFhul3JAnIZonI9Ir4%252FikRs%253D&asb2=yNQH1UlCikfJYGsKkSkKjspiMyKDeSZgUExvgdNQyti5fdtEAzSDZvtT4SeOVMQ8j5ZAmueUPJvaJ0qb2L5t0g&avtc=1&avte=4&avts=1733830895;https://ir.ozone.ru/s3/multimedia-2/wc350/6703950602.jpg;Музыка и видео;Музыка;Кантри и регги
Диск Taylor Swift - Speak Now (Taylor's Version) (2 CD);15272.0;20999.0;27;-999.0;-999;https://www.ozon.ru/product/disk-taylor-swift-speak-now-taylor-s-version-2-cd-1774679046/?asb=wIE9mxIj8CTCQsvCJ4f1Fgj09tebjR9FA1pom3f26mM%253D&asb2=VKy9TIgUQ2JtYF0G5JKiVfIqYZh1pCiKqk6xoWrt7DyGkqjQ5G3og1baEgPcSMwMixuCCul1ukXIGupOQrAbyg&avtc=1&avte=4&avts=1733830895;https://ir.ozone.ru/s3/multimedia-1-2/wc350/7216362974.jpg;Музыка и видео;Музыка;Кантри и регги
JOHNNY CASH - Best Of Johnny Cash (CD, Collection) Компакт диск;1214.0;1819.0;33;-999.0;-999;https://www.ozon.ru/product/johnny-cash-best-of-johnny-cash-cd-collection-kompakt-disk-1775035463/?asb=96XBKnC%252FiqjY01dJn8pdac83jeaOs2m5Fhov0MmcI%252FA%253D&asb2=qiCD1qDtGNmFRuX4Y35ZI5urwNb9n7NNxNbRWXRjQ0iqgqD1GdtwqRZ35PX3UZkcpZIVTOVLaa-Va-qFRBiAqg&avtc=1&avte=4&avts=1733830895;https://ir.ozone.ru/s3/multimedia-1-b/wc350/7013529371.jpg;Музыка и видео;Музыка;Кантри и регги
Музыкальный диск Those Poor Bastards: Satan is Watching. 1 CD;10894.0;15899.0;31;-999.0;-999;https://www.ozon.ru/product/muzykalnyy-disk-those-poor-bastards-satan-is-watching-1-cd-218590211/?asb=ov6ASo%252BEGml75sSaxKok47uvEckqwpzCX7ckMNfmoRs%253D&asb2=3FmCo_orvuJNF3ScxbLCOXwm_sAmZMYiNd3wIIHvbojY82OKa_r_4o8grtPHDul71HCv2__U2UdSzd5zY7Zwxg&avtc=1&avte=4&avts=1733830895;https://ir.ozone.ru/s3/multimedia-j/wc350/6089808391.jpg;Музыка и видео;Музыка;Кантри и регги
Relaxation Classic (mp3);355.0;-999.0;-999;4.8;69;https://www.ozon.ru/product/relaxation-classic-mp3-194989738/?asb=FaDOkkJkdbFiwdJ1bJYXkRXUKquKImLOGpDWqaa3oyM%253D&asb2=DoajHdFSj0LscT8GSGTeQa_oRx2zUu69T96sBHR5x7NWOEMbrvWi38LbybLKmZiO&avtc=1&avte=4&avts=1733830897;https://ir.ozone.ru/multimedia/wc350/1000979898.jpg;Музыка и видео;Музыка;Музыка мира
VALERY GERGIEV, Tchaikovsky: Symphonies Nos.4 - 5 (2CD) Компакт диск;997.0;1494.0;33;-999.0;-999;https://www.ozon.ru/product/valery-gergiev-tchaikovsky-symphonies-nos-4-5-2cd-kompakt-disk-1775036412/?asb=ntkrvwbMSFf8I9gkRiteSIGpCkfdweKKKvyjewafHuY%253D&asb2=RyN-CzJHVVtQYZb51ZEESpGRlLbTZ36B9Ef9iEYI5BTv1MfzBoKLguFJQkrrndDWfiP5_zsojGC0m-X4qOcGQg&avtc=1&avte=4&avts=1733830897;https://ir.ozone.ru/s3/multimedia-1-u/wc350/7093485282.jpg;Музыка и видео;Музыка;Музыка мира
Fausto Papetti (2 in 1) - 35a raccolta +15a raccolta,1982/72 г;509.0;616.0;17;5.0;7;https://www.ozon.ru/product/fausto-papetti-2-in-1-35a-raccolta-15a-raccolta-1982-72-g-734609471/?asb=gYdkDIrgq3Mh8GKu0mEBRYrQo28qXp66YLIwexseudk%253D&asb2=vXs0-Be01MlMbNzKjBZrB1l8rayHhi4UATksY11r7B9zJZ39KrBlszaXEiFu_H3i-P6_wZ_3TmBKeZcNWOU8dw&avtc=1&avte=4&avts=1733830897;https://ir.ozone.ru/s3/multimedia-e/wc350/6426448238.jpg;Музыка и видео;Музыка;Музыка мира
Леонид Коган. Неизданное Live (3CD);1745.0;3000.0;42;-999.0;-999;https://www.ozon.ru/product/leonid-kogan-neizdannoe-live-3cd-1768007927/?asb=01us9Q%252BodZVgKoWhN22LyvIpIk%252FLeaqhwjcar9lD5lc%253D&asb2=HGU3YskeUmqXI25ddeOp7KT1r6cR6BPP3tfIDTzVyhLfa2GgLkZrR5AThm5Xezlwz2pr1Fj7ElmUMdz1o46Q_Q&avtc=1&avte=4&avts=1733830897;https://ir.ozone.ru/s3/multimedia-1-s/wc350/7208300260.jpg;Музыка и видео;Музыка;Музыка мира
Компакт диск Paul Mauriat - Play love themes + 12 bonus tr. 1971 г.;509.0;616.0;17;-999.0;1;https://www.ozon.ru/product/kompakt-disk-paul-mauriat-play-love-themes-12-bonus-tr-1971-g-1761081238/?asb=uYjtBApwD42WMhO2EsLxpnqtdWFzGqIR0fiLONVIvb4%253D&asb2=Vt0TLth3kWf1Ryio7oL7H2KnSyf3Umc6qXr7ZpZM89E5mvdL72h5bk9npVTHOL7HCflVbC7_ctlaMmaX1U5tZg&avtc=1&avte=4&avts=1733830897;https://ir.ozone.ru/s3/multimedia-1-p/wc350/7199494765.jpg;Музыка и видео;Музыка;Музыка мира
Enigma - The Best диск CD;461.0;650.0;29;4.7;63;https://www.ozon.ru/product/enigma-the-best-disk-cd-1549685275/?asb=c17omN0OSZ27IfUqF42rnLjzZZSZr9FatGz603%252Flm54%253D&asb2=XRdXbez-yNH6arTLwmaHS1izf_a0erC-q49qUjniCeIq4ARZHaGIXR0gDf32wavNKRjlFnh7ZlduI4RK-DL1CA&avtc=1&avte=4&avts=1733830897;https://ir.ozone.ru/s3/multimedia-1-x/wc350/6961957701.jpg;Музыка и видео;Музыка;Музыка мира
Billy Joel. Original Album Classics. Box Set, (CD) (Компакт диск);3210.0;5179.0;38;-999.0;-999;https://www.ozon.ru/product/billy-joel-original-album-classics-box-set-cd-kompakt-disk-1777213621/?asb=qJ97wZkQA7gffu%252Fl4%252FVGT2n3BnidB4h6lhAC7y0Ovec%253D&asb2=Lo94NzMVczCuZUVYJnxQ9lMYcAocz4J39Ahqfwx_yRT4wVWCW-rVOhzcmPErfWolkQYlWgW_prTU_vb1cC-SWA&avtc=1&avte=4&avts=1733830897;https://ir.ozone.ru/s3/multimedia-e/wc350/6084265574.jpg;Музыка и видео;Музыка;Музыка мира
PAVAROTTI - DOMINGO - CARRERAS (The 3 Tenors) (CD, Collection) Компакт диск;1301.0;1959.0;34;-999.0;-999;https://www.ozon.ru/product/pavarotti-domingo-carreras-the-3-tenors-cd-collection-kompakt-disk-1777180268/?asb=Yzxg%252B1hGH9AFKkCyCaS9ec%252FC7ZXqmWgak%252BpuFZCI4pI%253D&asb2=5Vm3_B-zfjLu3TT_m2rTl7OilGkjxSTJdpXfoVTAcsJaVOfQpaN44a9Te1B2QEnYe_XDZN1svcGW-r-k-16V2g&avtc=1&avte=4&avts=1733830897;https://ir.ozone.ru/s3/multimedia-1-g/wc350/6969955732.jpg;Музыка и видео;Музыка;Музыка мира
CD Смешарики, 20 лет вместе, Digipack, 3D Sticker-Set, Booklet, Map, новый запечатанный компакт диск;1436.0;3500.0;59;5.0;21;https://www.ozon.ru/product/cd-smeshariki-20-let-vmeste-digipack-3d-sticker-set-booklet-map-novyy-zapechatannyy-kompakt-disk-1698501880/?asb=IOmtYPhpfuXlqbdZbrv%252BqV1R5OYehWK2rixPOpONYi8%253D&asb2=SLnGbgdWAb2wTpQP2fgrEw4s2ZpJtfVSX-mOlTlQROLRceQc_mm4taNwjxMAi8dk&avtc=1&avte=4&avts=1733830899;https://ir.ozone.ru/s3/multimedia-1-0/wc350/7139333700.jpg;Музыка и видео;Музыка;Саундтреки
Великие и Неповторимые. Выпуск 5. Музыка советского кино. Андрей Петров. Осенний марафон;393.0;499.0;21;4.7;12;https://www.ozon.ru/product/velikie-i-nepovtorimye-vypusk-5-muzyka-sovetskogo-kino-andrey-petrov-osenniy-marafon-149246961/?asb=EWtG5dZqRXO4SswJlDyoFuc2zCMmqcW9eHC1A4ndVy0%253D&asb2=kgPSczhwGXYrDx5SfEQ9MqtfmDdxKLZIgzxWiKgZe0ZOd9hMiw3WHI_qiee8S5vVYa3l3HzInPZCL_869AQLYQ&avtc=1&avte=4&avts=1733830899;https://ir.ozone.ru/multimedia/wc350/1000422982.jpg;Музыка и видео;Музыка;Саундтреки
Hildur Gudnadottir, OST Chernobyl, CD (Компакт диск);1735.0;2698.0;36;-999.0;-999;https://www.ozon.ru/product/hildur-gudnadottir-ost-chernobyl-cd-kompakt-disk-1777225053/?asb=KLxXEQdKwcs2mTazU8DDMmFV2nEVTmiQncOcC9amuts%253D&asb2=YUCrcDdKQyODwhv7lkaEQjQdhdUj3VyiIXL_IrjImLkuaBpFVegG8eYRKzFzBicB06eTXqSgnqYQ0Pwe2HlqLw&avtc=1&avte=4&avts=1733830899;https://ir.ozone.ru/s3/multimedia-6/wc350/6460935330.jpg;Музыка и видео;Музыка;Саундтреки
CLANNAD NARRATION BY TOM CONTI The Angel And The Soldier Boy, CD (Компакт диск);867.0;1599.0;46;-999.0;-999;https://www.ozon.ru/product/clannad-narration-by-tom-conti-the-angel-and-the-soldier-boy-cd-kompakt-disk-1777224698/?asb=WdmS6G00MuMOyTq6R3nbyHJuMwsfLuOQAH3PFGY%252Bqpw%253D&asb2=yPdBpC4HYCoC6JfVF9PWxJ0u8AIikHuuYZ8q2cIbvmyWQmbpjd_fksoW2ZG5-6hm9O731p75J_Oy3rXwPcj4UQ&avtc=1&avte=4&avts=1733830899;https://ir.ozone.ru/s3/multimedia-u/wc350/6447962286.jpg;Музыка и видео;Музыка;Саундтреки
Audio CD Тайна третьей планеты/Александр Зацепин - ВИА Дикие гитары. Оригинальная музыка к мультфильму (компакт-диск);636.0;1300.0;51;4.9;71;https://www.ozon.ru/product/audio-cd-tayna-tretey-planety-aleksandr-zatsepin-via-dikie-gitary-originalnaya-muzyka-k-multfilmu-1337709756/?asb=dDyL1JN4d%252FvHyc8k8JXMrP8g6cQYoQx0edp1uog2Hc4%253D&asb2=PaTd0XJWyAz8B9X6uOoEbVrYPR7VoxSdscF0hiZ0KNJL3IjpGDKKgKR1nTagri2zbbe4Z6WQroLQyOiusy2VDg&avtc=1&avte=4&avts=1733830899;https://ir.ozone.ru/s3/multimedia-i/wc350/6858935982.jpg;Музыка и видео;Музыка;Саундтреки
Бриджит Бардо ( Brigitte Bardot ) - Актёр и Песня. CD. Лицензия!;2468.0;4000.0;38;-999.0;-999;https://www.ozon.ru/product/bridzhit-bardo-brigitte-bardot-akter-i-pesnya-cd-litsenziya-1778343760/?asb=gF5hrbjDXLkoLtd7%252BIAthMAHoPKmb30UYohcL346eI8%253D&asb2=sBEcwqXyVmMv9r1gF8NXaJvj985Zi7SzN6W-I7ISlMvaGH2NEKsI6qeKUQ7OKYJaDmulF8tX1AoSprZqxeW_fA&avtc=1&avte=4&avts=1733830899;https://ir.ozone.ru/s3/multimedia-1-8/wc350/7220782484.jpg;Музыка и видео;Музыка;Саундтреки
GLOBAL STAGE ORCHESTRA Performs Music From The Twilight Saga Movies, 3CD (Компакт диск);1127.0;1689.0;33;-999.0;-999;https://www.ozon.ru/product/global-stage-orchestra-performs-music-from-the-twilight-saga-movies-3cd-kompakt-disk-1777213371/?asb=TiFA6zGwph2bPoA4oGyON68uJT7styUaV50pnM%252FnM8k%253D&asb2=BolQI6V9TkYmNNt3PmgK_ttxEcOQCSXp0flFnrw5jqEQaK366BPWH5NYDAc228xyxewE_N5YFbcOdtrccWTLUA&avtc=1&avte=4&avts=1733830899;https://ir.ozone.ru/s3/multimedia-q/wc350/6568744730.jpg;Музыка и видео;Музыка;Саундтреки
Сергей Прокофьев. Иван Грозный. Музыка к кинофильму;393.0;499.0;21;5.0;5;https://www.ozon.ru/product/sergey-prokofev-ivan-groznyy-muzyka-k-kinofilmu-149247015/?asb=CY69%252Fg1YiZB3AyugjQws3n83%252FZudIMEi53P6nqVsWsY%253D&asb2=LL4NoiQMRHSQbnMdTmS1WNxlycsUH1iC-abEVjF9Mx8xVDKkRwQOzAnjwmTf6aSb60nAE7CHAJQF0mJp19SDcg&avtc=1&avte=4&avts=1733830899;https://ir.ozone.ru/multimedia/wc350/1000770161.jpg;Музыка и видео;Музыка;Саундтреки
Шедевры мировой классики. Западноевропейские композиторы (Музыкальный диск на 2-х Аудио-CD);1256.0;1750.0;28;4.9;72;https://www.ozon.ru/product/shedevry-mirovoy-klassiki-zapadnoevropeyskie-kompozitory-muzykalnyy-disk-na-2-h-audio-cd-947013593/?advert=AAoBuFys1WdOCFR3p8jIRBTTm1NUndE0Z7hile0_PTFk0RRGA7M7k7aEj8MHvBJFhTCyAorOVAnXkgRL1VFZTCP7BWxrR40vROvw2VGRWNwZRggv_pQLNmOeolypm4j7H78v9GcuEjaMRWiqFqO7zUsxd0OjDIblgu0b2r6XXJx0d5UV508RnlnO1R3-xqig-vNqAQ9x1pd_Er7MMnWJY_RDYa6f_VLMDUMOEDvMKSuMwFpdXDm7NisTmWustsdD_7QZiRm2PR1yb9imqjLyK2mtgHRKIW3YHCU0TquIbVzRgTLTHJmlSvCBEUNA7-qWSnQW6X9mEYaK1yQC_q3nHaquMz0YG0K5PbHsYgs_lHiT3SGDN8OZtrfUTQBLxl0o1A&avtc=1&avte=4&avts=1733830901;https://ir.ozone.ru/s3/multimedia-u/wc350/6809944314.jpg;Музыка и видео;Музыка;Классическая музыка
П.И. Чайковский: Щелкунчик, соч. 71;393.0;499.0;21;4.9;73;https://www.ozon.ru/product/p-i-chaykovskiy-shchelkunchik-soch-71-553127207/?asb=61iGzCfpHcl514UWgvHYqXpdw9fI1w0NatFVhTPCZjs%253D&asb2=w4Ih2emXTBY1IP-kl1jXmnYsGkqFKuG-V8dWOfBm30pu2ERl8sX2m_OUFUxcre6-ekiiFanDV4m25iHOoqz9cQ&avtc=1&avte=4&avts=1733830901;https://ir.ozone.ru/s3/multimedia-h/wc350/6292496777.jpg;Музыка и видео;Музыка;Классическая музыка
Relaxation Classic (mp3);355.0;-999.0;-999;4.8;69;https://www.ozon.ru/product/relaxation-classic-mp3-194989738/?asb=F%252FVoj2bD7lPYh8%252FGZSeTxnqkjopAErwts5D9%252FePwITY%253D&asb2=Z6vjmbm2knKdg6z2exePUmivEtxf9jPc1Y4_FUZSuAcy3k1s7VbFDfH4qvdeB7zrtC8II44birT8Urm-6DbxBw&avtc=1&avte=4&avts=1733830901;https://ir.ozone.ru/multimedia/wc350/1000979898.jpg;Музыка и видео;Музыка;Классическая музыка
Малер: Симфония № 1, Адажио из симфонии №10 - Кирилл Кондрашин, Геннадий Рождественский;393.0;499.0;21;3.7;9;https://www.ozon.ru/product/maler-simfoniya-1-adazhio-iz-simfonii-10-kirill-kondrashin-gennadiy-rozhdestvenskiy-277512279/?asb=qOO3OGqbMhIXZD37P%252FKxXIEpkBpO%252FbI3x0%252BY1cDU9hs%253D&asb2=lPqETyAhwLGq_aoff6PfH2BmCaKk_KxNoF10gBnSPzqcY-4L2YsvLmgoJU22XE4n2rMfGGias9mveO3HjoFasg&avtc=1&avte=4&avts=1733830901;https://ir.ozone.ru/s3/multimedia-5/wc350/6069533969.jpg;Музыка и видео;Музыка;Классическая музыка
Владимир Понькин. Чайковский. Лебединое Озеро (2 CD);577.0;799.0;28;5.0;12;https://www.ozon.ru/product/vladimir-ponkin-chaykovskiy-lebedinoe-ozero-2-cd-149247004/?asb=JzvWTiKNkd0P999uHjWmo9XTWV%252BB63OBYo0840WiTtA%253D&asb2=qwKQcyU85qi-6EQtao1SZrXG5w7f5dv3G_iF-_NXKp0BFPlwP94xWbDFm55fWUZcFmoixxngm3OUVxLZWj3HjA&avtc=1&avte=4&avts=1733830901;https://ir.ozone.ru/multimedia/wc350/1000650912.jpg;Музыка и видео;Музыка;Классическая музыка
Отто Клемперер - Вагнер: Оркестровая музыка (2CD);577.0;799.0;28;4.9;65;https://www.ozon.ru/product/otto-klemperer-vagner-orkestrovaya-muzyka-2cd-259182803/?asb=c8YMozIMKEuFzqwdGyaud9Fh%252FW6K9QGfl5yG12N7mqg%253D&asb2=MolNUHK1K2iU7e-W0fhUe3w0P2nN8eNU0KqX10i42WYp8qOc38e-QJI6pCOCSYgIbSXUD37tHeKA4bGXmaOgiw&avtc=1&avte=4&avts=1733830901;https://ir.ozone.ru/s3/multimedia-a/wc350/6061032106.jpg;Музыка и видео;Музыка;Классическая музыка
КЛАССИЧЕСКИЕ ШЕДЕВРЫ - МУЗЫКА БАРОККО (2CD);577.0;799.0;28;4.9;30;https://www.ozon.ru/product/klassicheskie-shedevry-muzyka-barokko-2cd-1012669890/?asb=fUNZ6Q6xAwcB0r4oezcHkH6vPYRDErT%252Fcoa5EI4JTyw%253D&asb2=os68FAWfXlO29ugcRzzh8kT4n-PltVqN59-5XcB5Oz3ZZ8BwCIkikv8FRivB9kDvNJJqiifWw_BJWI-1RhsH0w&avtc=1&avte=4&avts=1733830901;https://ir.ozone.ru/s3/multimedia-c/wc350/6669782328.jpg;Музыка и видео;Музыка;Классическая музыка
Wiener Philharmoniker, Herbert Von Karajan. Mozart. Requiem;393.0;499.0;21;4.9;28;https://www.ozon.ru/product/wiener-philharmoniker-herbert-von-karajan-mozart-requiem-149246892/?asb=3MYn6MQ4CwbeRnpayYfs%252FflJhxNs7%252BlCleXwjToMr2I%253D&asb2=Djkpbh-Y1lbOflfA9K-2suxYEAfvSK5wDZLPTm3lk0QDn0OSvdga3oYPFMiDQjsIXDAh_-pJNfAGbvK2ohgHvg&avtc=1&avte=4&avts=1733830901;https://ir.ozone.ru/multimedia/wc350/1005932398.jpg;Музыка и видео;Музыка;Классическая музыка
Владимир Спиваков - Моцарт: Cкрипичный концерты № 1, 4 Гайдн: Скрипичный концерт № 1;393.0;499.0;21;-999.0;-999;https://www.ozon.ru/product/vladimir-spivakov-motsart-ckripichnyy-kontserty-1-4-gaydn-skripichnyy-kontsert-1-327877139/?asb=Zzq1FxyGzcq88ADwi2jkhzkvbdP3FYxDWMB33HdOk6U%253D&asb2=Ad6I1021r4iCYoeRSxIver7TrsqoqeZEByFzwr9yRsQDvYAcmJQAiV-AInaEJcQ2muVYucsc_V8Lk57v6v4K1g&avtc=1&avte=4&avts=1733830901;https://ir.ozone.ru/s3/multimedia-4/wc350/6108530032.jpg;Музыка и видео;Музыка;Классическая музыка
Диск Рекорд Оркестр Мир самых добрых людей (CD) (1 CD);1027.0;1499.0;31;-999.0;-999;https://www.ozon.ru/product/disk-rekord-orkestr-mir-samyh-dobryh-lyudey-cd-1-cd-1629525379/?asb=uRFiftl7Xwj%252FkbbgZ96RM05w5l9zVrREN8a3I6OmeBc%253D&asb2=kwN-_fHde7xKjEDGpWPkbfspCD1-hgGJFtuUVYogVGpZLEazJ-MMMmAiA31rVks5Ys7HuG6ZgBB_e44MzN1h-Q&avtc=1&avte=4&avts=1733830901;https://ir.ozone.ru/s3/multimedia-o/wc350/6117736548.jpg;Музыка и видео;Музыка;Классическая музыка
Олег Митяев (CD);532.0;860.0;38;-999.0;-999;https://www.ozon.ru/product/oleg-mityaev-cd-1770460290/?asb=wP8KiY5aDOT0bEMmSXcQfgfl8hckiedcbCaJ%252FT86Lcw%253D&asb2=sv0fyRoXBvTjit-5HuMIvxYAWha2nCIo0Can6rtV8i2-3KNIjXG3wfN1CfJOb43t&avtc=1&avte=4&avts=1733830903;https://ir.ozone.ru/s3/multimedia-1-1/wc350/7211164069.jpg;Музыка и видео;Музыка;Авторская песня
Владимир Высоцкий лучшие песни на CD (диск №1);362.0;860.0;58;5.0;2;https://www.ozon.ru/product/vladimir-vysotskiy-luchshie-pesni-na-cd-disk-1-750324281/?asb=7hx%252BPvYZ%252B8OZ8JuYT2XL4k1RHgHfSN8pNgWXFm5mLww%253D&asb2=ecOTtya_7w9FtjWQ3FVlSbJZEPyOHAC4zbCXsBw0PMwV-Wv6q-fswmLnJV0wHUqnTGJ7UbxcxZh3YJXSeyUPig&avtc=1&avte=4&avts=1733830903;https://ir.ozone.ru/s3/multimedia-h/wc350/6439313813.jpg;Музыка и видео;Музыка;Авторская песня
ВЛАДИМИР ВЫСОЦКИЙ: Прерванный Полёт (2CD);931.0;1650.0;44;5.0;1;https://www.ozon.ru/product/vladimir-vysotskiy-prervannyy-polet-2cd-1751087023/?asb=KCLg9X7QJ0xYC5WaMJTVCfy4obI7Jp0fjyc1RhM7qWQ%253D&asb2=xMt8-Du7jtIIu1QFS-b_GFn01h-2q7-vkG4Ac9lcqQIpH6EGMZ61Mf6TiVWXsrxYCPVWgotKeFLzHrks9wAqkA&avtc=1&avte=4&avts=1733830903;https://ir.ozone.ru/s3/multimedia-1-a/wc350/7187512942.jpg;Музыка и видео;Музыка;Авторская песня
Марк Бернес. Коллекционное издание с редкими треками.;1308.0;3500.0;63;4.9;19;https://www.ozon.ru/product/mark-bernes-kollektsionnoe-izdanie-s-redkimi-trekami-1292539476/?asb=iTEh7xJZv8R2OokhR6FxqdP9TX7xADNZY45X13hDJLQ%253D&asb2=Iswqxr7Wi5389cU27ejK0smFs45ey_R_OaYYmSxcsp5VDPzw31vgKzUPg1kuuYidWq16E5BILIPQIOCJbIrvvA&avtc=1&avte=4&avts=1733830903;https://ir.ozone.ru/s3/multimedia-a/wc350/6833065762.jpg;Музыка и видео;Музыка;Авторская песня
Виниловая пластинка The Smashing Pumpkins - Mellon Collie And The Infinite Sadness (4LP) 2012, Box;20934.0;43557.0;52;-999.0;-999;https://www.ozon.ru/product/vinilovaya-plastinka-the-smashing-pumpkins-mellon-collie-and-the-infinite-sadness-4lp-2012-box-1645139340/?advert=AAoBAFL6WErn78aO67xAQeWv9G4hm2vpS-19BgpPY06pag43sY24E1Bwg4SgODCj3RpPpGkt7nZ_qg3yAIg_bdciWJS3bPYMLvhmlvl9y5dsrtS90lri8N1TE2jjmpcKDbnFq3p0QbiEh_fmh5WsBaA_mAetNChXtyD2xs10ys4VvFzqt8-9XsT-lSqiAI1TzUjZGYJrR6anIXQ8fEQVxsk1F361wNm0e9pmIIFYV-UjhfD6NgmzVAjO1d9IyGB1tfTA0jHbmOd781L37571TPo8DJmyLXzT9r67Un5DthElNjREea55kc85txLM1ld4lOePzs2mC3dc8PiC_PUGE8Y4AilvVetCNK8GoVVUMmr8_4hRH3FJQAYMCYwB0mDiSNqdsj_uY59KiDav5Bk&avtc=1&avte=4&avts=1733830903;https://ir.ozone.ru/s3/multimedia-1-s/wc350/7094334340.jpg;Музыка и видео;Музыка;Авторская песня
Виниловая пластинка Stan Getz & Bill Evans - Previously Unreleased Recordings (Acoustic Sounds) (LP) 2024 Verve, Gatefold;9230.0;17271.0;47;-999.0;-999;https://www.ozon.ru/product/vinilovaya-plastinka-stan-getz-bill-evans-previously-unreleased-recordings-acoustic-sounds-lp-2024-1586512484/?asb=p54xCPnpTD1jrVBBIYchty%252F4cQ%252Bvbjmt%252F5RrZFIC0qA%253D&asb2=00WOj0uoxP_LGuyz2uZ8HaBGBhlc9Z4QFTqzDpkHQV7jhLGlmiGvdBLVofLWsAtjdX8LFejdGPEHoxD9cQt8eA&avtc=1&avte=4&avts=1733830903;https://ir.ozone.ru/s3/multimedia-1-3/wc350/7070734983.jpg;Музыка и видео;Музыка;Авторская песня
Владимир Высоцкий CD (Часть 2);360.0;860.0;58;-999.0;-999;https://www.ozon.ru/product/vladimir-vysotskiy-cd-chast-2-1728084198/?asb=uuxml%252B8%252FXmt5EGXK6B9BI9TFtE7xL6ZxQQyox6dd94c%253D&asb2=nDihjQDlDa9SzAlIEVg-zbW7ADbyjkj432fXWtjD4aQrP2zbfmbcShY6yhNZ4lWpd34-DNnQwJBoc6ymv63LUg&avtc=1&avte=4&avts=1733830903;https://ir.ozone.ru/s3/multimedia-1-j/wc350/7160706847.jpg;Музыка и видео;Музыка;Авторская песня
Юрий Антонов mp3;465.0;600.0;23;4.8;51;https://www.ozon.ru/product/yuriy-antonov-mp3-1122823682/?asb=8HSuigeGE2i8od1R7%252FwfWwgwZrdJPZKlpc%252BQT1LMWNk%253D&asb2=oxiPckKno4rjt-NU2UVQGXyl1OcOUJj4Fejmtu9awF3onqMRTOWgZfWjnldMNiihH3I6kOVJFI0IwKhEo9tXtg&avtc=1&avte=4&avts=1733830903;https://ir.ozone.ru/s3/multimedia-0/wc350/6722639388.jpg;Музыка и видео;Музыка;Авторская песня
ШАНСОН - Коллекция (10 CD);1032.0;1250.0;17;4.6;131;https://www.ozon.ru/product/shanson-kollektsiya-10-cd-943077949/?asb=Sq6MtYs1MyA66aK7z4ex4mqvnm3vPX89UflFYN0oKWU%253D&asb2=ds7MVdcUkhaIQzfZxz4h283w7napZsUes0xKxadE8Xr38QLV4JBS6VEayxlNxzM6&avtc=1&avte=4&avts=1733830905;https://ir.ozone.ru/s3/multimedia-t/wc350/6626712017.jpg;Музыка и видео;Музыка;Романс и шансон
Владимир Высоцкий лучшие песни на CD (диск №1);362.0;860.0;58;5.0;2;https://www.ozon.ru/product/vladimir-vysotskiy-luchshie-pesni-na-cd-disk-1-750324281/?asb=TA74IBBlAEWLjdBZ%252Bw%252F7%252FfTkvy1xHuUGVL7krIxbZe4%253D&asb2=3tPfpXhCG3kOsBZINtdQ-k63pNgim05IbzjxEc6ddp8Qt7PCu73wwZ_WI5miS7CiyGIDeWqWB6XU46osi2QsNw&avtc=1&avte=4&avts=1733830905;https://ir.ozone.ru/s3/multimedia-h/wc350/6439313813.jpg;Музыка и видео;Музыка;Романс и шансон
Марк Бернес. Коллекционное издание с редкими треками.;1308.0;3500.0;63;4.9;19;https://www.ozon.ru/product/mark-bernes-kollektsionnoe-izdanie-s-redkimi-trekami-1292539476/?asb=mPl%252BU4QIR4jpmjGELOXlvsFMMtpQipK5YGuMx4kryMA%253D&asb2=i5vNn9d0ePloRSyy21XmZj4pQvOuzk98D_SROjPkzRzU59wOdfK-lHJK5t1yKz3A0ct2aabX3w34ODOZ2H47rA&avtc=1&avte=4&avts=1733830905;https://ir.ozone.ru/s3/multimedia-a/wc350/6833065762.jpg;Музыка и видео;Музыка;Романс и шансон
Александр Иванов и Рондо - Дискография (Запись на CDR) (MP3);490.0;826.0;41;4.9;8;https://www.ozon.ru/product/aleksandr-ivanov-i-rondo-diskografiya-zapis-na-cdr-mp3-1639381492/?asb=xKJdQWJhYoNwF4laFNF4oTpcD1%252Bg8uexrxd1S%252BCcKWY%253D&asb2=6RHv-vwgspGcWSjfYCAL7Sy0C696PaXlMcSit_4Mkk-6x98ffnv1MAI5ja4gEXCOWBG3w4R25guMcOzEoDpHKw&avtc=1&avte=4&avts=1733830905;https://ir.ozone.ru/s3/multimedia-1-6/wc350/7085153526.jpg;Музыка и видео;Музыка;Романс и шансон
Ласковый Май + Юрий Шатунов - Полная дискография (1988-2022) (Запись на CDR) (MP3);490.0;826.0;41;4.9;44;https://www.ozon.ru/product/laskovyy-may-yuriy-shatunov-polnaya-diskografiya-1988-2022-zapis-na-cdr-mp3-1641422794/?asb=XRhNxoLmtF3XyTOUVO8cUs5HI0oOtncDYt3V%252FEE%252Fw9s%253D&asb2=n04Z20XVQOtXEXl6loNqOO8mXekA7Cpfktb9A2CPT8LSAiWmLJu3P9e9QRhVr6uGOtqkhgltHOzVIEMkYkcIrg&avtc=1&avte=4&avts=1733830905;https://ir.ozone.ru/s3/multimedia-1-f/wc350/7086997887.jpg;Музыка и видео;Музыка;Романс и шансон
Трофимов Сергей. Только лучшее MP3 (Jewel);295.0;399.0;26;4.9;65;https://www.ozon.ru/product/trofimov-sergey-tolko-luchshee-mp3-jewel-150498301/?asb=HE7IprjZGmBIwWerhs5l1bPjDIA2BzXotEPALpPYO3Y%253D&asb2=9ANSEe3UQLAe-5ZEyZLNOzD1fXYcOGe991fR6HL-TvtKoeC2O4UOxQ3gmdVCdr9jMKVXll6TM0vfE2bHc87rlA&avtc=1&avte=4&avts=1733830905;https://ir.ozone.ru/multimedia/wc350/1028356337.jpg;Музыка и видео;Музыка;Романс и шансон
Черный тюльпан №2 Сборник военных песен (МР3) (ЗАПИСЬ НА CD-R);557.0;4057.0;86;-999.0;-999;https://www.ozon.ru/product/chernyy-tyulpan-2-sbornik-voennyh-pesen-mr3-zapis-na-cd-r-1781991812/?asb=%252BvAkyFq0i0mvtkhJQl73Xl0b9PQDgDPK3CEIvWYflI0%253D&asb2=0g2c8cR5UUecWDxBtd_XlZ01FDAs2Qd958rfqOgoM4lqMVUziFEMfc3U0HfiLwEkSl7R8r3f6p9hgxYT1i3nxQ&avtc=1&avte=4&avts=1733830905;https://ir.ozone.ru/s3/multimedia-1-g/wc350/7224563176.jpg;Музыка и видео;Музыка;Романс и шансон
МИХАИЛ КРУГ - НЕДОПЕТАЯ ПЕСНЯ (диджибук);394.0;-999.0;-999;5.0;57;https://www.ozon.ru/product/mihail-krug-nedopetaya-pesnya-didzhibuk-962989986/?asb=3zj1ax%252FpA6XBAzWRCW57caslj9F72JLB2N5aBZP3Mvc%253D&asb2=wWk6j2Zo0fXxCop92oaqnObCLPgGg9R2Y6KJ8R1ufN92rhqbdvUWjtw5k2PxEagC4q1GKk34dU3JWgsTunUhYg&avtc=1&avte=4&avts=1733830905;https://ir.ozone.ru/s3/multimedia-6/wc350/6640106190.jpg;Музыка и видео;Музыка;Романс и шансон
Музыкальный диск Смешарики - Смешарики. 20 лет вместе (CD) 2024 SPD Digipack Booklet, Map, 3D Sticker-Set;1734.0;3528.0;51;-999.0;-999;https://www.ozon.ru/product/muzykalnyy-disk-smeshariki-smeshariki-20-let-vmeste-cd-2024-spd-digipack-booklet-map-3d-sticker-set-1739753284/?advert=AAoBQQPtrc3zJAvHSOJtf4Y0tXZdWCjuf-LcEgdF_UUPSLhZxOmX6uNifBlXMKUuipIhrzrrpCUU0MSRLmWUAWGnQEMmbaAn3DdicZIFy6qvGBuqYCBqw4ZcrCHbcZCio6d2klGMLZIgolZUHe7h5nHjvL5GLjBqrv8WdjX6IQRVdXGY_5ZxPnd_ybDHeRJefxTzR-cvu4HKLtewOjc-xEoqAY-_CW6TqfFUr5ukarxzslpDVTuArLncSZH3u2uua4270SwQgagoiVaMrBEz5U6c-Go0wjnQf-7KNJj4tkOXCCZ-IAkJcGPQIHgWLS01Djm8Usjbbr95MIRfaEfDATxavdJ4sjO1j9p1vqnvRytFr3tKfyS9Dta-qL_gsXVS4EvGJSIO4cI&avtc=1&avte=4&avts=1733830907;https://ir.ozone.ru/s3/multimedia-1-q/wc350/7173072710.jpg;Музыка и видео;Музыка;Детская музыка
Детские песни. 200 хитов. (Часть 1) Музыкальный диск MP3;465.0;-999.0;-999;5.0;17;https://www.ozon.ru/product/detskie-pesni-200-hitov-chast-1-muzykalnyy-disk-mp3-1556264019/?asb=GJkMVgaxjzN9dW2TkPlOZvICL2j%252BDNhXUfhwT1f6028%253D&asb2=s4oeg8Yupu_rauR_D0puX4RAJP9QU3afnIi-NwHpdsIY3EgmVRvRtJAC5lXC3VDGA2ByR-zJqF7pL3F6shq7yQ&avtc=1&avte=4&avts=1733830907;https://ir.ozone.ru/s3/multimedia-1-a/wc350/7010348338.jpg;Музыка и видео;Музыка;Детская музыка
Союз. Детский 3;389.0;-999.0;-999;-999.0;-999;https://www.ozon.ru/product/soyuz-detskiy-3-258510671/?asb=P3VdPbB5aISTQo%252B9T0vIjHGzgRp9%252FaCKbXK4%252B80N3gc%253D&asb2=CzQiD2a8tmG_XLf0yaTyH8HZj0gyXRAHs3z6zoZ-ZDloG7BEx0gxAep97W5sR_DqSWbkqGtN9gmrIJbIDHV4iA&avtc=1&avte=4&avts=1733830907;https://ir.ozone.ru/multimedia/wc350/1014600659.jpg;Музыка и видео;Музыка;Детская музыка
Приключения Электроников. Прекрасное далеко. Аудиокассета.;2889.0;3500.0;17;-999.0;-999;https://www.ozon.ru/product/priklyucheniya-elektronikov-prekrasnoe-daleko-audiokasseta-1765826423/?asb=FZeBXg5JyUfUhSzJ0hPCEjlo2GzVnxwrWGetXG%252BT14U%253D&asb2=g_m-_B1fBwEFimIEX1uxHq69egsqfzbOapjgC4j4U7aBcFu1UgxtwnA1gECL0uPEbPLLBipZRenwwVsyn4iVWw&avtc=1&avte=4&avts=1733830907;https://ir.ozone.ru/s3/multimedia-1-9/wc350/7205430609.jpg;Музыка и видео;Музыка;Детская музыка
Союз. Детский;399.0;-999.0;-999;5.0;10;https://www.ozon.ru/product/soyuz-detskiy-259532534/?asb=1ugLIhc0YzYbzQQdBnggmJ9ncoJUzlOBI5HC5lTL5%252BI%253D&asb2=pLGyvHslU2AIrxw-PmWqzQZ0zgg3kwvnRQU2tFr4mBCxtzpx4YHYVEERDwj8uN8bainCN45S4F7qiz8qgR8cMQ&avtc=1&avte=4&avts=1733830907;https://ir.ozone.ru/multimedia/wc350/1008758389.jpg;Музыка и видео;Музыка;Детская музыка
Союз. Детский 2;389.0;-999.0;-999;5.0;4;https://www.ozon.ru/product/soyuz-detskiy-2-258522262/?asb=TLanTazKdhouH401xb%252Ffu5OhsPorfTcPFBYffkuhits%253D&asb2=VPoyeJDdaU8Pk841g3ETB9N5aVolplpM-PzdPh8tqNdjbqs28NayaqphYRfimD-_vhQUbixmcKUHmCHKTq7GAQ&avtc=1&avte=4&avts=1733830907;https://ir.ozone.ru/multimedia/wc350/1011552568.jpg;Музыка и видео;Музыка;Детская музыка
CD-диск Сказка - Три поросенка: Страна сказок (CD);478.0;579.0;17;-999.0;-999;https://www.ozon.ru/product/cd-disk-skazka-tri-porosenka-strana-skazok-cd-524511243/?asb=moTAJdNi5BZKMj5xnfxSnDyO2%252FM8%252BobBPxxkS%252BY5RCI%253D&asb2=YXC_yr-y-XCauadBywAWHRia9DU0H73Emfd6p6L7iJW6LFRaIvvJf_Xa6BM-UBJG8c7yNZRb5_tgSiHLCUONIg&avtc=1&avte=4&avts=1733830907;https://ir.ozone.ru/s3/multimedia-c/wc350/6273677340.jpg;Музыка и видео;Музыка;Детская музыка
Компакт-диск Сборник Детских Песен. Лучшие Песни Из Мультфильмов Ч.2 (CD);494.0;599.0;18;4.9;24;https://www.ozon.ru/product/kompakt-disk-sbornik-detskih-pesen-luchshie-pesni-iz-multfilmov-ch-2-cd-616015150/?asb=c8ZkJyzyAKTUizQT680LBJENM2rQM6A96AZzDSS6JDE%253D&asb2=i0t8IC1cKt-XuoxgoElNcvZxo7nlalZ3BlPNi64EFouNg2MaZJRXC2VeJFCyRE5SQji9HPznCNfixdCZ31gBNQ&avtc=1&avte=4&avts=1733830907;https://ir.ozone.ru/s3/multimedia-h/wc350/6349013789.jpg;Музыка и видео;Музыка;Детская музыка
Классическая музыка. Первое знакомство;393.0;499.0;21;-999.0;-999;https://www.ozon.ru/product/klassicheskaya-muzyka-pervoe-znakomstvo-149247032/?asb=dZ5MtGKcJvf7WPLjpTkze4u%252FuEgXFIHYKYbUuug%252FbDI%253D&asb2=UJV9w3fOLwJ7_TU8xoQG590RTyqwaHl21bab5WYgHmisO4H_XmWSI8Z6GfZcPTVFw9yR2GQvBP8_d7muf4cWMw&avtc=1&avte=4&avts=1733830907;https://ir.ozone.ru/multimedia/wc350/1001210593.jpg;Музыка и видео;Музыка;Детская музыка
Лучшие музыкальные сказки (аудиокнига на MP3);647.0;960.0;33;-999.0;-999;https://www.ozon.ru/product/luchshie-muzykalnye-skazki-audiokniga-na-mp3-1741822317/?asb=hFgv8B9ll2aNa%252FXA%252FWm1vinpLiyunRQmSdTBrXsHeHk%253D&asb2=fz-5J4TbZ8Ld15Tw9UQLqE4If1nrrUIo8HhGghzfL6Aw0PGj4NpR_DJ9h04Uuq_9XbPqq4WPPaF7MdyXYCzh8g&avtc=1&avte=4&avts=1733830907;https://ir.ozone.ru/multimedia/wc350/1001178478.jpg;Музыка и видео;Музыка;Детская музыка
Виниловая пластинка Pink Floyd - The Dark Side Of The Moon (LP) 50th Anniversary, 2023;4434.0;8853.0;50;5.0;6;https://www.ozon.ru/product/vinilovaya-plastinka-pink-floyd-the-dark-side-of-the-moon-lp-50th-anniversary-2023-1419779924/?advert=AAoB4TAKScvi-A0ZkJSgyqpcJxiCoS7OoZWSeVcFSSZfL4B4H3rC6HJcMJ7ocToJ5TrAMutiLezI9L1xK9UsnR9L-J8kgBGLeo31EiO7LyM1LWe9Lw3F_I7hfPrL2X42TXg_UvzOKPxRkJgXNZHAnpP_yexQpZfbnzF4bTV3Zk0nJAGCkvDCT2ZYSpXRvu5_G8T0ro-Bg2HKyvC53_d0IvdeorZGlycBRXXKJqKlaxh_LQ5WctqQxkp1PhxB2Oz_x6yT80YUIf0s8lafwtbY7JPbZy69YbJKCGGHdi2xFHE8OvajIap0U82DkCFedw7_3mFI1Suq8CeuOGc7uNG5FHA_y71cfJQifP3hKW5IjgBWzpdAEt9iLpC_EKgMi7k&avtc=2&avte=1&avts=1733830909;https://ir.ozone.ru/s3/adult-placeholders/wc350/plug10.png;Музыка и видео;Виниловые пластинки;Виниловые пластинки
Little BIG Greatest Hits Germany LP винил диск №1 новый не игранный без обложки;1548.0;3999.0;61;4.9;11;https://www.ozon.ru/product/little-big-greatest-hits-germany-lp-vinil-disk-1-novyy-ne-igrannyy-bez-oblozhki-1748320334/?advert=AAoB-pl4NSWn3J9ut74V3nTQOEnXiWoprwlr35PdeF883YeVYy3mrofdnxA0V1mSldFZ59wdfGGHBkmS0gy7WgLBsXQRLPxQw-i-VvgKsJBa9UovWNc-MoL2hG879OY5hj8auXRo6gKsHBOSjYRf79Ml9jjgcAP1AqK3qQOwNDmdQSMVQgXBFIIZwRqN_shK77RAqdKvE8kFR3OlihSd8a8lAeTJv8OGWtXzeUT68ZfQmTbLRswuAwG8dCGzwe3P8zGBs6oWBZTNO6sRjPZD2aFjK2skhX8hCqkMIDQo-h5Uy0EC_TH6g4qMV6KxRei-dgkZvEN7J6JgxggDgxbNgd053Ptxdn8kqZnuwDRq51-pj0CGQ5YbovP-U2ws-y4Qx4oIvbRxGuDg&avtc=1&avte=4&avts=1733830909;https://ir.ozone.ru/s3/multimedia-1-h/wc350/7183955357.jpg;Музыка и видео;Виниловые пластинки;Виниловые пластинки
Новогодняя виниловая пластинка Classic Christmas Legends. фиолетовый винил. Lp;2474.0;5500.0;55;5.0;10;https://www.ozon.ru/product/novogodnyaya-vinilovaya-plastinka-classic-christmas-legends-fioletovyy-vinil-lp-1762820304/?asb=x0KT3xViajQEKP%252BEt7fit9O%252FQBO5%252BQGtPFHPyxNypoE%253D&asb2=EQO3_R1r-EZO_Zo0x7GG6a8sKJyYEh2nQLKJggnyqxZmRnm6K0DmUirs7xZakr7jYGgyDp7XGD54FXXIYoI0lA&avtc=1&avte=4&avts=1733830909;https://ir.ozone.ru/s3/multimedia-1-5/wc350/7201690133.jpg;Музыка и видео;Виниловые пластинки;Виниловые пластинки
Виниловая пластинка All Time Christmas Favourites (Black Vinyl) LP;2773.0;3990.0;31;-999.0;-999;https://www.ozon.ru/product/vinilovaya-plastinka-all-time-christmas-favourites-black-vinyl-lp-1738349440/?asb=QPyqiTzrkr5TpAjB%252Fl5%252BF%252BBqZcVk%252BTxO41FPw9RPK9Q%253D&asb2=bzxP0gCuIJhNwjgMtNwV36NhKmQAU8ZJblsKnVf3uOZ6TM5AXhn6Xo_e9SuiS1cax0OfUP5tGZHqi_hbfTbXZg&avtc=1&avte=1&avts=1733830909;https://ir.ozone.ru/s3/multimedia-1-j/wc350/7171174099.jpg;Музыка и видео;Виниловые пластинки;Виниловые пластинки
Виниловая пластинка Dua Lipa - Radical Optimism Vinyl, LP, Album, Deluxe Edition, Blue Translucent / White Split , Signed Insert;9922.0;15100.0;34;-999.0;-999;https://www.ozon.ru/product/vinilovaya-plastinka-dua-lipa-radical-optimism-vinyl-lp-album-deluxe-edition-blue-translucent-1777084425/?advert=AAoBzSyADBhTSLn6KiwCoJayN0ffTv8f11uCtab4nbL1nRxNBTUShfs3C-CIBAJv5DeiC7d1A0fCh6Pexkr9EpvuoD9S39r506XD39iH8KYT4ulY9Hr5h7impaG4lRSzaKjujUgzkLWiaHHViS2RqgiYTLP11Pdqg9e8HABYGcVqHv691G8rNk9brmGLxisxsWmMDfPNrdFXIWvKOSzlPvBrmRVJFFi1s10Kx8RWrnJIrjkXsmZkjdK9tqFkCUennMHGQUG-YieHUGhVP049G7DLj17JLdiUcOi2hV8Dr278TC1X1b_Xy6vMdDZEDq_tNqAppBdMdCMR1A7e6r554C5SotKwini7a0RRcJhWa6uh-PuCuWNhdRbZKeL3o5UBC4KQ9Aaq-5wPDPw&avtc=1&avte=4&avts=1733830909;https://ir.ozone.ru/s3/multimedia-1-c/wc350/7219170552.jpg;Музыка и видео;Виниловые пластинки;Виниловые пластинки
Новогодняя пластинка VA - Christmas Magic Moments желтый цветной новый винил, LP;3922.0;6000.0;35;5.0;6;https://www.ozon.ru/product/novogodnyaya-plastinka-va-christmas-magic-moments-zheltyy-tsvetnoy-novyy-vinil-lp-1761957875/?advert=AAoBuG8h1-l5FQINuLkfadL1-HX_MZg9kcpT0F4I5i8ihGljUBE_D2bRkBDRIlcH8oIC4ZeNMlxybou6HLdw1z_mpvrm6R57IiyRuhU7jtrhj3WiMn0G4VDsUHoEbYHS-UVpySam139tTz1oLPQ0teQWOC6DzzGy6bkgftfSRxOElGD8uJxvAir7NpYdyutRFINSyr7PEJfD7htldRA7CX7xzvvtA-p2jDQTTRJOWbz74v4y9htze5fl__lYJnexOAp4IhcBzGyaewLwsrOLUl49JFL0lq1UXmzXIK7Kii9bgxqhgpuQ2A3kZSnWPTGwjRZ9jyeex7Y-6sCUirOEkJHyhP7dp78QuwYLs85nrxT2uN9o6D1qy_zWVLidPSeyrZjmTKINVkMF6zw&avtc=1&avte=4&avts=1733830909;https://ir.ozone.ru/s3/multimedia-1-o/wc350/7202007528.jpg;Музыка и видео;Виниловые пластинки;Виниловые пластинки
Новогодняя виниловая пластинка Classic Christmas Legends. Черный винил. Lp;2349.0;6000.0;61;-999.0;-999;https://www.ozon.ru/product/novogodnyaya-vinilovaya-plastinka-classic-christmas-legends-chernyy-vinil-lp-1762801592/?asb=IkSKz7Z3wErXoza60tzIHFm6ReHngEQf63Ndoj3jVK8%253D&asb2=Y1XO_0hChfX9KGdReyeREH6zCvACuXS4UFqB-OOmWLq5My8qM_e4Cw9vBZVwHEZDuSJNac9BRjj5ktuyVLQJkA&avtc=1&avte=4&avts=1733830909;https://ir.ozone.ru/s3/multimedia-1-5/wc350/7201690133.jpg;Музыка и видео;Виниловые пластинки;Виниловые пластинки
LP Omega - Time Robber (coloured vinyl) (винил) (351482);3650.0;5707.0;36;-999.0;-999;https://www.ozon.ru/product/lp-omega-time-robber-coloured-vinyl-vinil-351482-1776668935/?asb=R8xEdPbQAPPkhOe%252F6BtnXUvQlHPBOWyOOtyFMeQjUQk%253D&asb2=jcFVOzdTZ2jaS3ZLweCON6oE5YSrY8vDi3UalVC-oUzuA68k85VHAmfn8-huUYp7XsnMdky4gQ9uiYc24Awo1w&avtc=1&avte=4&avts=1733830909;https://ir.ozone.ru/s3/multimedia-1-f/wc350/7218651039.jpg;Музыка и видео;Виниловые пластинки;Виниловые пластинки
Римские каникулы / Сабрина;286.0;-999.0;-999;4.8;30;https://www.ozon.ru/product/rimskie-kanikuly-sabrina-176429436/?asb=oCH%252B0ToS444MEjnA%252F%252BYsiyMNPVgmHHvji8H8ixGhS%252FQ%253D&asb2=8I6x2MeHhWUXywHHeLU6NvaWSLmScWqwH8t6qi1Ng0xZP3xNnVhcIQ4jAAkF78my&avtc=1&avte=4&avts=1733830911;https://ir.ozone.ru/multimedia/wc350/1002463090.jpg;Музыка и видео;Видео;Видео
Гарри Поттер. Полная коллекция (Box) 8DVD;1417.0;2499.0;43;5.0;1;https://www.ozon.ru/product/garri-potter-polnaya-kollektsiya-box-8dvd-1757223283/?asb=M5XsUw4Z38b6%252BfwTunpQKMGXIZPzj4jezHxOZrED%252BO8%253D&asb2=tcA4EwbOaa8_FuOHS2web3C2iQ9Ui9Rf0IdrgM9CzFLHr_caCSdTVYhCA_gn3cRhuN_ww2x0xv1DWaCl1--6Sw&avtc=1&avte=4&avts=1733830911;https://ir.ozone.ru/s3/multimedia-1-f/wc350/7194336927.jpg;Музыка и видео;Видео;Видео
Дэдпул;319.0;499.0;36;5.0;32;https://www.ozon.ru/product/dedpul-176991441/?asb=zZ0bpdTF0y8zqo9TtrD6dnU6k14hkfTdhfE5DOJycOo%253D&asb2=BDpHAUYiu1lo6tS0p7FiCKKiYsEprrq_dXU9I3F_Q4BRtXAhMirSBc114srx-j47cVv7vVC6veSaWybijN1x8w&avtc=1&avte=4&avts=1733830911;https://ir.ozone.ru/multimedia/wc350/1014858959.jpg;Музыка и видео;Видео;Видео
Караоке Дискотека 80-х 90-х 200 хитов DVD диск (16+);471.0;650.0;28;4.6;83;https://www.ozon.ru/product/karaoke-diskoteka-80-h-90-h-200-hitov-dvd-disk-16-1559468352/?asb=8Tg48bDmmD74TZ1Y%252FT0V7QUcbmws0EWjmDK%252FsBj2V60%253D&asb2=qpD84ILRaJBEL69cEtP-t8dDABplj06cp0ztGdLNAiviqiDWKh_iVe_tRezHilT09uRPZxvh6sncRITe84OA9w&avtc=1&avte=4&avts=1733830911;https://ir.ozone.ru/s3/multimedia-6/wc350/6626002002.jpg;Музыка и видео;Видео;Видео
Колекция фильмов 4;384.0;1240.0;69;-999.0;-999;https://www.ozon.ru/product/kolektsiya-filmov-4-1729979918/?advert=AAoBzB0n7cO2x_hKy54sX8gRirk2_kcZqoT-6k-NNVTWUnBpNKMc5MSx-Jt-pPQN8L5U_nJV4QFqlEMCJuHgUBW8abvHemJ_xmTrL1F7HvvuP0yp0oOOCJmlDHPP144vUKe3dXndDmyxJiKqLVYVu-s9vhnXgDw4VcPvr6PsR0xuknRC1ndb3u2Bkjkb_yCBF3Vud5NdI67Ndq7voNO-XIwhldhh_Fo6ejrnFaMlVs7vgU1qIQ0vx7lRdx2De4qEPogMkPQ9k8iXly915K8qDxl6Iba4sCa_NHS5dARFoVnduhL90_K8YwOZlTtLZUybAyhcAU9Iw8WsT46d9lwxtQ_iL8kS1vfxXH9FX0OokBz7jeMN-pnDOc_3HfsxlECdM1WAV9A5sSY&avtc=1&avte=4&avts=1733830911;https://ir.ozone.ru/s3/multimedia-1-7/wc350/7162077247.jpg;Музыка и видео;Видео;Видео
Чужой: Ромул (НОВИНКА 2024) ДУБЛЯЖ(5.1)+АНГ(5.1) Blu-ray (блю рей);533.0;1707.0;69;4.6;13;https://www.ozon.ru/product/chuzhoy-romul-novinka-2024-dublyazh-5-1-ang-5-1-blu-ray-blyu-rey-1752962591/?advert=AAoBMyLKo6QaZ8cnwPCA8Bj2o9OBWxpFaoaTIv-bXCpUOfogBtQKo6c1bXmGuyWfp1U4QikPPNG6NBNlPlZTA6GBkePU8x5fO6poRNEpXg_i9CwevQvjZYga8YcPK6xMJaiyIkHEkONBGmJ5fcTeCVs8qVNX8ExLEtrSncXJQNeYKEARav97OLbFQKu4PHeaMC9f_zICF5B5u0yrEi4B2YPIAy-j-Zk6FE0y5sEqFgDtsJCJ-59-mHW4r5c5t-ehLO_IjZ-5snUb2ezQTruOz8CMLGG2DsIXi0PE2TPzLUd-qQOHvhsYmzIakLD8MZKfHuYGjbSEQ_rkgiA_Wk2JRKNM6MZKKFzPtQQPP_pNX3nq2f-hsipwPeNtsQ97nJXZ7D60sgQVa3IGGg&avtc=1&avte=4&avts=1733830911;https://ir.ozone.ru/s3/multimedia-1-a/wc350/7189488694.jpg;Музыка и видео;Видео;Видео
Властелин колец: Кольца власти 2 сезон ДУБЛЯЖ+ОЗВУЧКИ+ENG Специальное издание 2х50 Blu-ray;1522.0;2800.0;46;4.8;4;https://www.ozon.ru/product/vlastelin-kolets-koltsa-vlasti-2-sezon-dublyazh-ozvuchki-eng-spetsialnoe-izdanie-2h50-blu-ray-1719680298/?advert=AAoBCppFfIIBuBo-zHKURQq-Uu5yaoFYp8HCmEP-g6tf6AaKSK2B-W9ReiD4pwI3Xf4tZKSRXEwr0z79TXvPmJJXWbenKPEel7Lmr2uVXN-2EhLwADB9ax5lZdrEpLkeQcsqf3RBvn5yDlKlID40kEII7KO6RQMFheXfMrwNvBDedDslLLdDoSZignfkaoQAtoIIVN1AUdsaw9aU4ue45c_NaDOqoaixeO5T9SIVsqRsXoNHhw-sa0YENaihWOrKvxCCADgjKzfmRJLytda7CtixZf53TYe9DRkNyR4UstN9zrXWFOy6X_fOm_4xCb6KhxaGXmemDEkJsFii-_gyfF8VsJciXHTBeTFx79puBNh1mpekJvIGVyollKwmg4wKqlBLSSgsgTRXbQ&avtc=1&avte=4&avts=1733830911;https://ir.ozone.ru/s3/multimedia-1-8/wc350/7134972884.jpg;Музыка и видео;Видео;Видео
Дикий робот (НОВИНКА 2024) ОЗВУЧКА+ENG 5.1 Blu-ray (блю-рей);517.0;1456.0;64;5.0;6;https://www.ozon.ru/product/dikiy-robot-novinka-2024-ozvuchka-eng-5-1-blu-ray-blyu-rey-1727683972/?advert=AAoBNRMmbFvbEWCZEb2PStOQgWum30gmSJx4mFhj6_ayp--76IXZkhy6sf_1IAav9lpXjkBtIaNtoFSTx-SyB6sKfy6_eGbA6AgaLtpByOj8QIW5jIXuTnayRc4b1XY-bPxmAsRipzsBFRihQtyeltaNgzOY8J6ByGOcs4Bm7vBBoPBLUI9bMg4bGwOnkG3TcSEEEHUiPcTTLEDue7_rE3js633njvrfjPWOIMQRrHXeNvJLRr8h28EF3_5TllOIsnTnURKv-XPzDalvxp5kd7UK6sTSk5oiPxpwmGAplwS_70PlHWpIKqvY9n9DrfSuv4dBaIs2QaBOtBLxaLZWz1dXyQbl6qCG2HmjSQzELNrL-OUZ53XR_pcjTU-2QCtQFs8LG7Lc8Shqxw&avtc=1&avte=4&avts=1733830911;https://ir.ozone.ru/s3/multimedia-1-o/wc350/7160405208.jpg;Музыка и видео;Видео;Видео
Властелин колец: Кольца власти 2 сезон ДУБЛЯЖ+ОЗВУЧКИ+ENG Специальное издание 2хBlu-ray;1002.0;2800.0;64;-999.0;-999;https://www.ozon.ru/product/vlastelin-kolets-koltsa-vlasti-2-sezon-dublyazh-ozvuchki-eng-spetsialnoe-izdanie-2hblu-ray-1698216745/?advert=AAoBSrS0LUYKVPpi8lj370FN461N20CdPCqA-muduNtHbnIFgCvksFnbOrcED816mGn_yGvtnR15lOrhEwZrM4KulRfyIHyk293YhMAxtkA7NixS7aPuz7We33o2ve0C5cvV4ELYY_wGXFAzOrUvZGCj8QLgPPCEyGTdacxEXZbfq9EsgF7kYH2tZczQGKe-PBGWObgSNX3NHPDFq3cseKgrRkpc3ngRRGXY3T9TOos0tpIBDJ6f3BgNmTjgA-lRfOaPgs5boxrrURLqsL793URCN09AGicUm8_qWIWkz4dq4lZpftdKBF9YBqvlhqaB97SHitQRTX08aDK7DktSSlkB-tPdvOERA-JVju2A56S0miVsX_LY-Hx7qabzsNVxz38JkxX1Kc98Lg&avtc=1&avte=4&avts=1733830911;https://ir.ozone.ru/s3/multimedia-1-6/wc350/7134972882.jpg;Музыка и видео;Видео;Видео
Джокер: Безумие на двоих (НОВИНКА 2024) 5.1 РУС+АНГ Blu-ray (блю-рей);519.0;1516.0;66;-999.0;-999;https://www.ozon.ru/product/dzhoker-bezumie-na-dvoih-novinka-2024-5-1-rus-ang-blu-ray-blyu-rey-1749915849/?advert=AAoBC0V7IJfxCV-yGzSUeYNEfnX0SLaCtdR3Ch1mTA3HmtA0CBuo2Jcg7vjXGf814qW5Yh7BBla4E3nh_8nT-Dh09KHdIXTuzYeDBH4hb_55PTBWQvU4Oj3HwVVCD-dZBneArN87s6Krceo9ryEEh7Q1AjWO0L2rbX_Np-DBmOG0H97-4TwiWv2-FO0-zV5xPWC15AnIRbp5mAZAL9rA9iJYgfJd1PB5Tjve5v4Jm4Orb2-KmlEl5HD9oOen58KygKW1BY6ceUlZsx0qWsaEUi-P_I29zx7jouMAkpDADtGKi-BoAQDtoK644lKQE90-KmFtLDnYh-186qaGiAUV3bhvwIuBpg4wbJsTP_Rsm7UxD3lbuF8tCeKVmH2kalvl5_MMdv5jR-oIvw&avtc=1&avte=4&avts=1733830911;https://ir.ozone.ru/s3/multimedia-1-u/wc350/7185817074.jpg;Музыка и видео;Видео;Видео
Римские каникулы / Сабрина;286.0;-999.0;-999;4.8;30;https://www.ozon.ru/product/rimskie-kanikuly-sabrina-176429436/?asb=RamXtp4aHUWxY8tZdlfB4fceF5Mtl1Dm57%252FH%252BfarMH4%253D&asb2=mVztxOeeBtiYNUhZ60hAJykH3R1vAG9SeE6ZOhI4mZaL4MkIebE51jBgRNfKYOkd&avtc=1&avte=4&avts=1733830914;https://ir.ozone.ru/multimedia/wc350/1002463090.jpg;Музыка и видео;Видео;Художественные фильмы
Гарри Поттер. Полная коллекция (Box) 8DVD;1417.0;2499.0;43;5.0;1;https://www.ozon.ru/product/garri-potter-polnaya-kollektsiya-box-8dvd-1757223283/?asb=%252BUDs6ywxW5zeeRka%252FyYaFkbp%252Fx031GRKhJQxwe4Cz%252FY%253D&asb2=pzL6D9PL4197r4sWR9hVhOHHbQN3oE-6TJePm3DwLtqvU3IhQQRVtDKV7NB8ThcmeTR0hUOI1b5H_VT1bpG0xA&avtc=1&avte=4&avts=1733830914;https://ir.ozone.ru/s3/multimedia-1-f/wc350/7194336927.jpg;Музыка и видео;Видео;Художественные фильмы
Дэдпул;319.0;499.0;36;5.0;32;https://www.ozon.ru/product/dedpul-176991441/?asb=6t%252FfSvzLsdg1Ut%252FOPikmpu5bz%252FmOxiCizU2vQbbQsUA%253D&asb2=NxQTMXYiZJXFFtHfkiVeEKeZBYlyKNYQ7GDz-ovhbLbmY8aGqn7U8PeTcoMjUIwPGkn_JHHve_LwqfZH2ydAog&avtc=1&avte=4&avts=1733830914;https://ir.ozone.ru/multimedia/wc350/1014858959.jpg;Музыка и видео;Видео;Художественные фильмы
Над законом;315.0;499.0;37;4.7;21;https://www.ozon.ru/product/nad-zakonom-204892514/?asb=65pqucKz1xDYqd9Ds103IDR9GyNcyqqG%252BFWjneW8t1w%253D&asb2=7RVqT3l6GUZ3c463vLvjtwSBH2UbSqIiRh-njBSXkIh4LRc_-2vuGCpq98RYWTSZqe88QK0A6dbq1QsnIsUsOw&avtc=1&avte=4&avts=1733830914;https://ir.ozone.ru/multimedia/wc350/1003244774.jpg;Музыка и видео;Видео;Художественные фильмы
Чужой: Ромул (НОВИНКА 2024) ДУБЛЯЖ(5.1)+АНГ(5.1) Blu-ray (блю рей);533.0;1707.0;69;4.6;13;https://www.ozon.ru/product/chuzhoy-romul-novinka-2024-dublyazh-5-1-ang-5-1-blu-ray-blyu-rey-1752962591/?advert=AAoB9wx7xnsVkBExAZ3kzc0Lqspr21J3ZYLEotvzKOwTqc6u6sWzTgzqkZbZniYWM1wNU1mCSAjjoC1AxSZiEjLfs0KFr4WpJdhVismsdrUDUi41Tm2xqgzwR5ftXVyzwQn-zetE_HNjpkxmnRghVoIQebUt6LQj5DiKprtD_CmhY87k6b6srVFIxSGDSank1KC3Fo7_uqsNjqkR5loE4TqR2660yGUS-sOv8Hwavw0uc16sLV62Av21tf4DH_5O5PZSrlohGhWFokSkqYbvupvgP9ut_CbrJxoMU1fvaaF_SrUtMYUmZ5vcpZHEHVdHjRgAY-7zH7N23dGAi2LBqQgD6o-KViAAFBsZ9Pl1NtYeou4ozj8-4nSBTS9o6Zi4cyMr9VcsS2DXnQ&avtc=1&avte=4&avts=1733830914;https://ir.ozone.ru/s3/multimedia-1-a/wc350/7189488694.jpg;Музыка и видео;Видео;Художественные фильмы
Дикий робот (НОВИНКА 2024) ОЗВУЧКА+ENG 5.1 Blu-ray (блю-рей);517.0;1456.0;64;5.0;6;https://www.ozon.ru/product/dikiy-robot-novinka-2024-ozvuchka-eng-5-1-blu-ray-blyu-rey-1727683972/?advert=AAoBIWjHOlJsembPJA4ZJmuI3NmYqN-oYESXcWuZwXn9stJJXUvspUKzEjFAOGA4wC5KJhB8qh5hhuRl8WpED2cZmjAlBoS_uhuPIOGm6IgEVYuNcoWbuSqagTFWx-ZhnmALW6SX7BzCE4l4fj53K8ey4mQYbOjhqevQDNsoD5GWx5jSXnTTLoCLnE1eNvJDjXDwWUHd46dVR47HauoFfKlh0EDZDStHv7RLJnaDYQQyrjIiy14jP-ULqsvrhq-WCjWZ7SU7cDVuVeFwA8npOLxfauSlmuz2HrS8D3uzaOqb5IXqhk0CkHf8G6IupNqLYLrP3S3-oBA-XTO4zWSnhSHBhSOeFC7UR_-e_bnt2-UukcP5QeaG7yz2oC4FEXDy1nRgyIAvyb61sA&avtc=1&avte=4&avts=1733830914;https://ir.ozone.ru/s3/multimedia-1-o/wc350/7160405208.jpg;Музыка и видео;Видео;Художественные фильмы
Властелин колец: Кольца власти 2 сезон ДУБЛЯЖ+ОЗВУЧКИ+ENG Специальное издание 2хBlu-ray;1002.0;2800.0;64;5.0;12;https://www.ozon.ru/product/vlastelin-kolets-koltsa-vlasti-2-sezon-dublyazh-ozvuchki-eng-spetsialnoe-izdanie-2hblu-ray-1698216745/?advert=AAoBV1rEKGPeMmNyAtTH3_gicK2eOvXGlJoBB3_2_Vk1cR3KAR-0fIEnlP6ZT37wgejIoj0a56ToUQSxy8H89hQCnND7bwdCzi1DA4hv1HAytUhuHujVzWLTVdkrSaX9u-JorjjhFNt3C16XKPGaFfjMdffIL7vwEJqjqDGxP7qAWUENUbkOZHvIRp9xe7gtrnlD5iwvtXGwALdFFsV9dioRLpauyuPagANMJ6KDeLgxdkE0J00Vwg5aBd9wUlUvG1K5x6Koe5ul0xyjmxriGarXZ9NRghOAraDc_GOHF-XXST10BBjzbF7gOdu24DBpp8-6jQjyE-bU02X4em23QqWaYbtw6O8a9T1OPaTtH7oqPaKA6UsIjQj-NcD_XMcLLQJPvuQ8ZZXqGw&avtc=1&avte=4&avts=1733830914;https://ir.ozone.ru/s3/multimedia-1-6/wc350/7134972882.jpg;Музыка и видео;Видео;Художественные фильмы
Гарри Поттер. Полная коллекция 8DVD;1834.0;4000.0;54;4.9;34;https://www.ozon.ru/product/garri-potter-polnaya-kollektsiya-8dvd-1390452006/?advert=AAoBNiMUZqYSGj5w7dY7Xw8lVqV8yzrH5EayX5uGxUleHFoN1beF2HzUTvFdMzueMsr_GpVQdKYqMNG9vxCAeKeP_33skORI3oTfg5KMoxrXclbEevbWdKrTfEKyjnDOAAbWks9FyCQQA-Eayy6WjPeiFbD0FbjdaD5aCUytPv-kh1pC_omHs7oMWBDJgFp1lvPWd1aQe3oXXEHBE4SBFM_Wgn_h27X6RPo3nDWZRcNdmFxaLmTO8ovW2bAHwJA7AOpJB9bLbiFE41jCe9NpqhSH-3V7uXyw4Ygiu_MbJCxRmkoyQCbxb3zvA_g4ek4hxWT6x_Q1NEbhcjun8Mth7Q2rJLf6x8l9TiHx9aEDYN0dR2KzbgHAwjpxpxaXN4Sz-jcU8ryQmTvEp2il9Es&avtc=1&avte=4&avts=1733830914;https://ir.ozone.ru/s3/multimedia-1/wc350/6573771601.jpg;Музыка и видео;Видео;Художественные фильмы
Гадкий я 4 (НОВИНКА 2024) DVD ВЫСОКОЕ КАЧЕСТВО! ДУБЛЯЖ+АНГ+субтитры;401.0;1073.0;63;5.0;1;https://www.ozon.ru/product/gadkiy-ya-4-novinka-2024-dvd-vysokoe-kachestvo-dublyazh-ang-subtitry-1722451341/?advert=AAoBkzLLcKuQbKm2B_MXOU_o-fn0mkOWKXn_cgi2cPh8KyRQ5L5_FbBnwW8vKon0mQBG19DwJUpwjB59_KimNQJPBT9G5sYcCf_F_T2K2YfskUhDIrJjCSxj3M_ZCV-LHQgmyY8KZe4kOlZiMxFoSBj3g94wPzmBX7tAiRI3UfsWm2jRMYC4Q4LP0yj7IGuRBIgNmcZa5rI2Otmjs15AIm4AncJWzkP9j-UoVhRHDH9hyDsEbBtV7KlS3i9HE_B3AB0HRH05eTzA0P61ga42ldeoROJTboQywUgzUepa4_MJaHHr_0I_SylgiZe3HTYKfw5BZloQsCiCkOHuBnQl2XMKL76gXuJRwuvgFJ4PoUXZjqtXE4gghhUafT6wIZOBQGWMR9qPM3gTU3UL&avtc=1&avte=4&avts=1733830916;https://ir.ozone.ru/s3/multimedia-1-e/wc350/7104252398.jpg;Музыка и видео;Видео;Мультфильмы
Головоломка;395.0;599.0;34;5.0;26;https://www.ozon.ru/product/golovolomka-541489774/?asb=iTLXYSECGOl6mqR3YyyoJRN6BAQAICd5R%252FPHU6iVSeI%253D&asb2=9jN4FENT7vRMvTbWvfhZh1KvwWLj_ei89liQ_P_uiuMl7jBIjx6fL7rDmmb7LkefKxkMuja0u1MIUX4Bo1lG2w&avtc=1&avte=4&avts=1733830916;https://ir.ozone.ru/multimedia/wc350/1013681620.jpg;Музыка и видео;Видео;Мультфильмы
Маша и Медведь. Лучшее. Когда все дома (44 серии);399.0;599.0;33;4.9;215;https://www.ozon.ru/product/masha-i-medved-luchshee-kogda-vse-doma-44-serii-898047752/?asb=HcKK0zMEaiTi3oAsJ%252F39L94ZOSwk2hWrNw%252Bsq%252FSd5FI%253D&asb2=7uXRVKYqsuEQ1o62FTqW0DjL2403jbqlf2uD_AlyYrPUN-CgxL23j8QLcfecE51D6sqKrDLy-YW-gBbMTX0oPg&avtc=1&avte=4&avts=1733830916;https://ir.ozone.ru/s3/multimedia-f/wc350/6590500899.jpg;Музыка и видео;Видео;Мультфильмы
Белка и Стрелка: Озорная семейка, Выпуск 1, серии 1-8;344.0;449.0;23;5.0;2;https://www.ozon.ru/product/belka-i-strelka-ozornaya-semeyka-vypusk-1-serii-1-8-176615509/?asb=m%252BMsMD7grmvKgLq1EzNaSb53l3cAAJhBaIF%252FWzqi9N4%253D&asb2=AGIP7Vb1lst5QJtsij1-wS0-Vio8jRm4JjPbjRw4vSYS24B-D3wXSvDzRBwDolTH-Mf7hMC2HQiZdjNGYNGdKw&avtc=1&avte=4&avts=1733830916;https://ir.ozone.ru/multimedia/wc350/1007810236.jpg;Музыка и видео;Видео;Мультфильмы
Дикий робот (НОВИНКА 2024) ОЗВУЧКА+ENG 5.1 Blu-ray (блю-рей);517.0;1456.0;64;5.0;6;https://www.ozon.ru/product/dikiy-robot-novinka-2024-ozvuchka-eng-5-1-blu-ray-blyu-rey-1727683972/?advert=AAoBl2Q7gRpnGy6PTkSfsJKWEyXOha1L6EJTCICK9U-CcyBGIPOcBt8ZXH-X5uAgvsWRabNKOsT3JI0NfS9b5xbKgHu3aB49RM3plB6L9OpoLycZTkmila9onl-281Jot6MoNYmtUp3R8SAmBY8N9S4k8U-tf8Am-kHKNG6fv5Ooj05vZ7Pe8bFts5_G6-cFTe1I-0kvi_7JSu6fPRtq8rO69TSaAP4r0qj6XZcBXWiL7dnkYXBMsDgtx7u2tOjfcDcgnmp76VL4gGNtBBPWZiLjyfl4gdEEgC6oqKe31FNoJfruUP8ydx0NXV6H3Dacu0gjEIcAi05goo6w4czXV0mkrxul_c-Er4BD8SEumBjMq-ZBymjdWb6V0iMF4zeCd7TmjLHn5v5Epg&avtc=1&avte=4&avts=1733830916;https://ir.ozone.ru/s3/multimedia-1-o/wc350/7160405208.jpg;Музыка и видео;Видео;Мультфильмы
Аркейн (Arcane: League of Legends) 1-2 сезоны Blu-ray (блю рей) КОМПЛЕКТ из 4 дисков;2348.0;5440.0;57;-999.0;-999;https://www.ozon.ru/product/arkeyn-arcane-league-of-legends-1-2-sezony-blu-ray-blyu-rey-komplekt-iz-4-diskov-1774433255/?advert=AAoBP9jh6RwHSGbjx9BlLoTE04igdJKHrNN6Qi4ewmVT_JiXD1zc0LT9c5v6_JGWa4429_re2qn-WpsOWEGhRWEMFPO9ZeQtkSxJMTtE0jYIyj_CVEP5neZ1HmK3Wh6_BFcyNQQtgqluBYjys17tN_FdIn-jrprletH-pL-67zmIKeBvKoWveWU9IzccnH6gkCXWc2iqs2og_vTySYIOuLQOqdWhQdkV0pShZ-6JhqXeoTFBpbiU8Mn5417G2H7CkiItXrf2dscnJ1ushe_V7HUgkYpFwVMOjfrCFzh6e1rVY4HNhK2LusXq9vPwRnJgzWVFWMQXUaL3_CTkVFS7gB-TSLmDSkvtWDWNO8AL-Jaf1URefP6gEwaVHUgUXps2ry3GaD9RUXnqVQ&avtc=1&avte=4&avts=1733830916;https://ir.ozone.ru/s3/multimedia-1-c/wc350/7216077648.jpg;Музыка и видео;Видео;Мультфильмы
Легенды ночных стражей;329.0;499.0;34;5.0;5;https://www.ozon.ru/product/legendy-nochnyh-strazhey-261946880/?asb=lUv5MZBBcZDbXYQM9KZ%252BEgOUW5e57%252FbfPOnFz4uuZsI%253D&asb2=WXp-iPGffsrKKHnQkyR4WhxFeErN0MBg5_GpifJUn4qneDFD0EmcFi4EdTPPbqKUO700wiCn2RLaVHq-kGfztw&avtc=1&avte=4&avts=1733830916;https://ir.ozone.ru/s3/multimedia-1-0/wc350/7027647444.jpg;Музыка и видео;Видео;Мультфильмы
Новаторы: После вкусного обеда..., выпуск 4;279.0;449.0;38;5.0;3;https://www.ozon.ru/product/novatory-posle-vkusnogo-obeda-vypusk-4-555757838/?asb=lqn0D0XJowcAUVrtcz4lDNLZu%252BRENKBvzxvxjWE7zSA%253D&asb2=_9KNZSUvXHCUaWA_QZjpu0rrOGJ-sO45YgONIyOgH907poXIm4aZNqZCz4tSR-tu9dPW3xmo3wP_LqtIpdyUbA&avtc=1&avte=4&avts=1733830916;https://ir.ozone.ru/multimedia/wc350/1010772112.jpg;Музыка и видео;Видео;Мультфильмы
Караоке Дискотека 80-х 90-х 200 хитов DVD диск (16+);471.0;650.0;28;4.6;83;https://www.ozon.ru/product/karaoke-diskoteka-80-h-90-h-200-hitov-dvd-disk-16-1559468352/?asb=AjaT50tkP7TNiEU9dR6lmjNm0MaOB1oIHmaOdHFIPNc%253D&asb2=CPq1RtVdmIRNJGj6oNx-ZGbShhqufb1W_u2BInfTvWBM63aSegz3F-4w9i4PkWsD&avtc=1&avte=4&avts=1733830917;https://ir.ozone.ru/s3/multimedia-6/wc350/6626002002.jpg;Музыка и видео;Видео;Концерты, клипы и театральные постановки
В джазе только девушки;286.0;-999.0;-999;4.6;127;https://www.ozon.ru/product/v-dzhaze-tolko-devushki-177014273/?asb=sAS9cD1ewyDG%252Bx0rTAeaD%252FIqOWNq6ISpDXaBSlLKADY%253D&asb2=S562LARrI9UjqsexN3DsiqQBK0wsoMeEm0GoBW0Y4WMbpJIXW2vH7EExuV4PzBN9mGPGCivMzgsTZUNj-QZ0gw&avtc=1&avte=4&avts=1733830917;https://ir.ozone.ru/s3/multimedia-s/wc350/6148606192.jpg;Музыка и видео;Видео;Концерты, клипы и театральные постановки
Караоке Хит Песни 90-х годов 160 DVD диск (16+);483.0;622.0;22;4.5;57;https://www.ozon.ru/product/karaoke-hit-pesni-90-h-godov-160-dvd-disk-16-1549688225/?asb=ahsX%252B%252FFocbLJtDW02kdvBIlZ3WYG0kjxiFxY7304WtA%253D&asb2=WhGc7CYEoSd_ul7FRGlgSskSO2VQgdXzvWN1m4d37CU1su6rmuXKFbtVCzjpvGo8Egg2IYqI6htyCOQWKSJqNQ&avtc=1&avte=4&avts=1733830917;https://ir.ozone.ru/s3/multimedia-h/wc350/6626451941.jpg;Музыка и видео;Видео;Концерты, клипы и театральные постановки
Кипелов - Концерт с симфоническим оркестром (2CD_DVD);1100.0;1499.0;27;4.6;64;https://www.ozon.ru/product/kipelov-kontsert-s-simfonicheskim-orkestrom-2cd-dvd-894017030/?asb=%252FMf5enETV8YZ2U8FYyx0Ou6xK7zeMBWDXU3wx2y7gdw%253D&asb2=GXpc49Fjh5LqhYmKwN-48gsE-zIby3XHAAr_4_fklwOIN2UZ5EBEv7dey6h8tsqkknMApdHhWGxGl7qginbY3A&avtc=1&avte=4&avts=1733830917;https://ir.ozone.ru/s3/multimedia-8/wc350/6586721936.jpg;Музыка и видео;Видео;Концерты, клипы и театральные постановки
Руки Вверх! (Россия, 2024);510.0;757.0;33;-999.0;-999;https://www.ozon.ru/product/ruki-vverh-rossiya-2024-1773415292/?asb=Ju5kImM5okAHXXZ%252BHOYpxOP%252BpLunBneLeX7wQD2pEBk%253D&asb2=QKwYF9zRx7Q6YWzLOrfC5YMsr-tmH3S636MAPr22WnEHgtO9VAHcRwsznLZ4eIC-mwH9TnVLdT3_2ef9J0x9RA&avtc=1&avte=4&avts=1733830917;https://ir.ozone.ru/s3/multimedia-1-s/wc350/7214706964.jpg;Музыка и видео;Видео;Концерты, клипы и театральные постановки
Незнайка на Луне. Полная версия;456.0;599.0;24;4.8;40;https://www.ozon.ru/product/neznayka-na-lune-2-dvd-259293602/?asb=OeuvCgeYJy3rMk%252BgJaiRApotRs%252FOI2FanJPxqtLK5Ss%253D&asb2=H8MSlqzmzX-tXYSUAPssfx8cafvJjy7SVRzvGonDBU5uDt1Ch7OfwjBdekyMBtDisseVTglrXnBjsVLEB1cMqA&avtc=1&avte=4&avts=1733830917;https://ir.ozone.ru/s3/multimedia-1-5/wc350/7223499401.jpg;Музыка и видео;Видео;Концерты, клипы и театральные постановки
Ария / Герой асфальта : 20 лет (DVD);437.0;595.0;27;4.7;41;https://www.ozon.ru/product/ariya-geroy-asfalta-20-let-dvd-192490972/?asb=H0P0C0Uql8%252BYxOxiKfWZBZCIKWYsJAnV%252BaRXhgITWJo%253D&asb2=yBsXF1OeiTkanNCOns0QkZDJXR4JW47yKkN3vxV5MKCz-jbv7n1zXfM_gayodE639ry5ga1kEyPJVR0GL0Dyxw&avtc=1&avte=4&avts=1733830917;https://ir.ozone.ru/s3/multimedia-d/wc350/6022104265.jpg;Музыка и видео;Видео;Концерты, клипы и театральные постановки
Волшебство Queen в Будапеште DVD;393.0;449.0;12;4.5;57;https://www.ozon.ru/product/volshebstvo-queen-v-budapeshte-dvd-155260278/?asb=vkEVgwB%252F9UEAGPdQlk9T660GtFpaNJ0Cfu1WL441ZjU%253D&asb2=2zgEl1Mr9ILTkjkCYR7dDwaHUbLpXysbw0GZgSqePB9QUOwC2QS-m8WqnLNswN30GvFsgTBR4kdUBBaaG7FYcA&avtc=1&avte=4&avts=1733830917;https://ir.ozone.ru/s3/multimedia-u/wc350/6692150910.jpg;Музыка и видео;Видео;Концерты, клипы и театральные постановки
Дальнобойщики: Десять лет спустя: Третий сезон, серии 1-12;286.0;-999.0;-999;4.6;69;https://www.ozon.ru/product/dalnoboyshchiki-desyat-let-spustya-tretiy-sezon-serii-1-12-176477645/?asb=kaRUr0l7y6RVXBPYDVnTa8QFqPshEQG%252F3oZtrSz%252Btjs%253D&asb2=vhljegIkheIRfUV9OS_pGnAz12yJNmhCTAa13fbMpX_YmMT8GAeUHpY0-4DXFIxH&avtc=1&avte=4&avts=1733830919;https://ir.ozone.ru/multimedia/wc350/1005221200.jpg;Музыка и видео;Видео;Сериалы
Гордость и предубеждение (2 DVD);396.0;540.0;27;4.5;69;https://www.ozon.ru/product/gordost-i-predubezhdenie-2-dvd-177017950/?asb=4GvZRDvO2rFTsmulmhY%252FAlCAwikBLEHYg0ArWxUQ3QI%253D&asb2=u06wA_Ed7lLKLqKAljfNSch5Or1zG-kxjA0MZbjcjxlYinYdp0Fs98KbhNgomX4eEZri5woIDiNAa1jyW3Z18Q&avtc=1&avte=4&avts=1733830919;https://ir.ozone.ru/s3/multimedia-s/wc350/6017538760.jpg;Музыка и видео;Видео;Сериалы
Королек - птичка певчая;286.0;-999.0;-999;4.9;29;https://www.ozon.ru/product/korolek-ptichka-pevchaya-216246312/?asb=0qm2d00ESwU%252B0ejZonqvwWZ%252FaoFZ01pxieIjiVp%252FcRE%253D&asb2=B1PJsZkpGr8KGx0dszoLPwyAHLyhYeFi-rXH-rsB7YYYu7Juxi5qr8386ruyY-aC5MPJOhHpUxmn2lnQYyqHDQ&avtc=1&avte=4&avts=1733830919;https://ir.ozone.ru/multimedia/wc350/1000128372.jpg;Музыка и видео;Видео;Сериалы
Сериальный хит: Сваты. 1-4 сезоны (5 DVD);586.0;899.0;35;4.5;59;https://www.ozon.ru/product/serialnyy-hit-svaty-1-4-sezony-5-dvd-160152625/?asb=Ol98p955u6blLzQjDC1E6PFCJjDn2bwXIZgwgirW00s%253D&asb2=eXD-XyQrX_b7z7BdIdQlsGKTX7PKC2owZWMPyGcKMTlBcijDygsJU_tviu_a1k--dlzlkOfnm-fv53asNYugbA&avtc=1&avte=4&avts=1733830919;https://ir.ozone.ru/multimedia/wc350/1015707869.jpg;Музыка и видео;Видео;Сериалы
Властелин колец: Кольца власти 2 сезон ДУБЛЯЖ+ОЗВУЧКИ+ENG Специальное издание 2х50 Blu-ray;1522.0;2800.0;46;4.8;4;https://www.ozon.ru/product/vlastelin-kolets-koltsa-vlasti-2-sezon-dublyazh-ozvuchki-eng-spetsialnoe-izdanie-2h50-blu-ray-1719680298/?advert=AAoBGMe2JLJ5UVd-2kc8eROzokuoJCtUB5iAskSKilLznAxJGmzEg1vmrpJ5Arsqcrix_6OYnqr7uwRgf-wgyDZBjZY-TdSBfOslS2VzLMoH6_R66PAKN0Krbjk-rrBHDZTlDQl7PcW1Mhd1wAm3CR23FJIXvKTNRHblLp5vipWXuZ7pnVFTKsR03rVL94EAUVMEnv1JfbDgCRg3GkfADYI9vPxTMDvvNRhjMS_w9wmEETtmBESlbBx5I5vBa8QU3vjUMYwnaUahsEquv9o4xG81mIcuRBHXN3jkPD7odqnklNEJtt8MDDl0OH3hNxKOgsU55vdecJ-4-O2U-4e0NEgTKNZsAuumLMhS3yIPIfcICvCU5wldyewSpqTu72qfiEd53BLG9ksJWw&avtc=1&avte=4&avts=1733830919;https://ir.ozone.ru/s3/multimedia-1-8/wc350/7134972884.jpg;Музыка и видео;Видео;Сериалы
Дальнобойщики: Первый сезон. Серии 1-20;286.0;-999.0;-999;4.9;125;https://www.ozon.ru/product/dalnoboyshchiki-pervyy-sezon-serii-1-20-176477711/?asb=zDNBgsNpnuHfeOR5BLENbvyvnODWIAufGZUe8uMFN7k%253D&asb2=BC5NJSWXbcZlMghtEVYiinMtdxSiy9k7ktK8x3xYS1Jjp2RnCXacYLT-xnHwijFRZOoQ5HX0xScYJG6vdLhDog&avtc=1&avte=4&avts=1733830919;https://ir.ozone.ru/multimedia/wc350/1004364519.jpg;Музыка и видео;Видео;Сериалы
Дальнобойщики: Второй сезон. Серии 1-12;286.0;-999.0;-999;4.9;94;https://www.ozon.ru/product/dalnoboyshchiki-vtoroy-sezon-serii-1-12-176477629/?asb=roi4POwmQVGWMtJxux%252BbbXryTnPMwyWUkM62fFrZwRs%253D&asb2=ZtKOtWjA0IvAQxals35vA3f3uj5uRFkhcIoZK6yQyQtKtec4sMaVTP2ui2euWEXGq6FKzDm1ZTDILT8hoYJkJg&avtc=1&avte=4&avts=1733830919;https://ir.ozone.ru/multimedia/wc350/1004364681.jpg;Музыка и видео;Видео;Сериалы
Дикий: Серии 1-16;286.0;-999.0;-999;4.7;41;https://www.ozon.ru/product/dikiy-serii-1-16-176477710/?asb=Q2%252FRzG2waRbGVCkNH26T6DokiffCq2Waij5%252B%252BnILLIU%253D&asb2=LPhmvJXYfCLKrMZ-zv1msScSG0BoAHZ3Vvhq4te_BXa04-K8NbvMlTN1j9fRW5HnkmujWm_aI6h0d5w_e--SvA&avtc=1&avte=4&avts=1733830919;https://ir.ozone.ru/multimedia/wc350/1005545037.jpg;Музыка и видео;Видео;Сериалы
Основатель;319.0;499.0;36;5.0;6;https://www.ozon.ru/product/osnovatel-557257080/?asb=%252BFjBhnzxL0kehxeXvT%252FRVsjD0PheQMliz99P1wn%252BPIY%253D&asb2=N1ZVdNcCTLxb084Bv26WMm0GpxG1f-CZKktls96_xhapWpPvYfqiRaFoG0vmiOef&avtc=1&avte=4&avts=1733830921;https://ir.ozone.ru/s3/multimedia-3/wc350/6296443515.jpg;Музыка и видео;Видео;Документальные фильмы
Бодифлекс Комплекс (упражнения + дыхательная гимнастика), поддерживающий в отличном состоянии весь организм;197.0;-999.0;-999;5.0;10;https://www.ozon.ru/product/bodifleks-kompleks-uprazhneniya-dyhatelnaya-gimnastika-podderzhivayushchiy-v-otlichnom-sostoyanii-154201233/?asb=EGwVsMIU6byqfyGImCuyUfsNnTLJhGBOyBFs4Zb8v3k%253D&asb2=pTcc0TLcdnvDAbfWgF9eAu8zP3VOi2Fx1KKSqgNdnJ-jTDE4N8BhX026WPFTro0DItYpvCQAgBwVB5_wOAIg8g&avtc=1&avte=4&avts=1733830921;https://ir.ozone.ru/multimedia/wc350/1003889593.jpg;Музыка и видео;Видео;Документальные фильмы
Руки Вверх! (Россия, 2024);510.0;757.0;33;-999.0;-999;https://www.ozon.ru/product/ruki-vverh-rossiya-2024-1773415292/?asb=D%252F0c4Z0DccU675F3AAZFmzdgDdE5f96nlKTJCletk4I%253D&asb2=vafsACCnotM8sIsfPKWong5xJuHNB974nD02Dk_W7Au4UyvBYxJLskBIrjziWZOBjaPUnDs1nfGaKEsgVPErtw&avtc=1&avte=4&avts=1733830921;https://ir.ozone.ru/s3/multimedia-1-s/wc350/7214706964.jpg;Музыка и видео;Видео;Документальные фильмы
Великая война. Том 1-3 3DVD;413.0;599.0;31;4.6;51;https://www.ozon.ru/product/velikaya-voyna-tom-1-3-3dvd-305414654/?asb=4xxgglKWkKZ0DgsB319ekFH6wq9UQ1Iw90RzRbwUXc0%253D&asb2=LfHSbG_MzQJo-EYlrfVLkoMnI0hQt3ccr8qRfO3LMWJnZfkhfeIFzSlEdCTpcQxxfozffRePeK-ZL3VpantSWg&avtc=1&avte=4&avts=1733830921;https://ir.ozone.ru/s3/multimedia-1-7/wc350/7088272927.jpg;Музыка и видео;Видео;Документальные фильмы
BBC: Одиноки ли мы во Вселенной?;319.0;499.0;36;5.0;3;https://www.ozon.ru/product/bbc-odinoki-li-my-vo-vselennoy-151980960/?asb=Bbo2q7t4xlJxiEy2y%252FzmPm9qxrsRogicpazjsdf0VcY%253D&asb2=u2GhM1M9CzpZG7qrkqaNwavrmKmZ3vlol55AGVspzLAN7soDWWtt1T33Pt7hj_vc6sAwEzSzZ5bFZoqDcQ1pDg&avtc=1&avte=4&avts=1733830921;https://ir.ozone.ru/multimedia/wc350/1001825548.jpg;Музыка и видео;Видео;Документальные фильмы
Discovery. Нацизм. Оккультные теории третьего Рейха. Региональная версия DVD-video (DVD-box);295.0;399.0;26;-999.0;-999;https://www.ozon.ru/product/discovery-natsizm-okkultnye-teorii-tretego-reyha-regionalnaya-versiya-dvd-video-dvd-box-1775552414/?asb=dVm4v27V3ruCLzeLEoLx1i2lmJYq1ADVkOwp7CGP%252FCc%253D&asb2=0bXgLHudXpYDrRl2BFvi8uxgFjWWzdlU4iv5e7CZQghZgv-xHrWj1ODiMOK6bPSw8Wlq4OZRwxaLhXjR_pHfww&avtc=1&avte=4&avts=1733830921;https://ir.ozone.ru/s3/multimedia-1-7/wc350/7212484663.jpg;Музыка и видео;Видео;Документальные фильмы
Битлз: Вечер после трудного дня / На помощь! / Волшебное таинственное путешествие (3 DVD);609.0;830.0;27;4.4;34;https://www.ozon.ru/product/bitlz-vecher-posle-trudnogo-dnya-na-pomoshch-volshebnoe-tainstvennoe-puteshestvie-3-dvd-178571628/?asb=r%252Bi57ClV0V0haEwTwtapFpj8IEq%252BOhv3dD9BcDKX3Ns%253D&asb2=Jfauw40grkzh2OLb07BmXq_4biHdgrFtxF-oVq3HMlp7SQdfNO46o6q5ONwyCQsEcozjPUbiczfSkMueglXCuA&avtc=1&avte=4&avts=1733830921;https://ir.ozone.ru/multimedia/wc350/1002482333.jpg;Музыка и видео;Видео;Документальные фильмы
Цигун. Упражнения для спины DVD;373.0;419.0;11;4.8;10;https://www.ozon.ru/product/tsigun-uprazhneniya-dlya-spiny-dvd-155261718/?asb=g8EHlr2IeeuNxZpoDPtaAlYcQgmEVtJtI3%252BbnGAIsRc%253D&asb2=MRrK_OAupezZ9YKFzc-bR-qyyXTRvrPSuCU8vZSB7kVgb3eawmDZZ2TOynZFSa_il7hbq51s8Au46hUsqmBGDQ&avtc=1&avte=4&avts=1733830921;https://ir.ozone.ru/s3/multimedia-y/wc350/6245789134.jpg;Музыка и видео;Видео;Документальные фильмы
Discovery: Все о кошках (4 DVD);413.0;599.0;31;-999.0;-999;https://www.ozon.ru/product/discovery-vse-o-koshkah-4-dvd-160152866/?asb=Hk2R2H3Qhj64DeK7K93rGbpC3ZpEn%252F5fb7jsDOsgK%252BM%253D&asb2=wcXRBdqWugl4DR5ItryD2Rg1nY4ZFj8AZrqIoMy2iD8L75VThVhbO8CrVxAKd_7yirsSYxQZvVFxMzIU0vFFLg&avtc=1&avte=4&avts=1733830921;https://ir.ozone.ru/multimedia/wc350/1021064185.jpg;Музыка и видео;Видео;Документальные фильмы
BBC: Тело человека. Часть 2. Первые шаги. Период полового созревания;319.0;499.0;36;-999.0;-999;https://www.ozon.ru/product/bbc-telo-cheloveka-chast-2-pervye-shagi-period-polovogo-sozrevaniya-151980842/?asb=rvD05htaXmdnhqYCajIm88g9obtIHvzwugOhJdgqFAo%253D&asb2=rO0_rQJ_1QKc6iwP2LuI9xANNS6bAAwE9EVHH5GYfa4JgPoT3ZdcvOA0Q0v_5boH8XPAYNpWSO1gW57JkaVH5A&avtc=1&avte=4&avts=1733830921;https://ir.ozone.ru/multimedia/wc350/1000159332.jpg;Музыка и видео;Видео;Документальные фильмы
Магия и деньги: Как стать богатым;197.0;-999.0;-999;-999.0;-999;https://www.ozon.ru/product/magiya-i-dengi-kak-stat-bogatym-154201140/?asb=5t%252B23KuE99OBXu7qI%252FiHe9caskNb4uJ%252B7t7Izf1Qvoo%253D&asb2=JR38Q0ufEI9SzB4S4k7as3LLfvOxMLQEuy_4BX6aHPuaAw0FbKrUPnNE7ScEH_lp&avtc=1&avte=4&avts=1733830924;https://ir.ozone.ru/multimedia/wc350/1001118125.jpg;Музыка и видео;Видео;Телевизионные программы и видеоуроки
Тектоник: Базовый курс;192.0;-999.0;-999;-999.0;-999;https://www.ozon.ru/product/tektonik-bazovyy-kurs-154201202/?asb=ED0qPo79hYnnXWG24cdn%252FcVfyuHgT28%252BPcVSH4%252BudGI%253D&asb2=9vYNuU-gybbmexcDoKziJsXYS2nX3nShpZ9Yvp9Pbj3LMEffPrtpK2UbLve4_9hcC1Kji2zm-wsB34sQ66MoWw&avtc=1&avte=4&avts=1733830924;https://ir.ozone.ru/multimedia/wc350/1001210958.jpg;Музыка и видео;Видео;Телевизионные программы и видеоуроки
От мечты к реальности, или умение достигать поставленной цели;192.0;-999.0;-999;-999.0;-999;https://www.ozon.ru/product/ot-mechty-k-realnosti-ili-umenie-dostigat-postavlennoy-tseli-154201278/?asb=o%252FZgtpJagD6oyjD9yGPI1dvszBzCgY9Sv4hzqKySzcA%253D&asb2=_3-rKw8JeMoGz8UaIjfDzn48EShA0DBOovp3oVOtjWvTCMekNbBM3qoDx30K3wdBboHL9Cxf4zeYNbIqFaioHg&avtc=1&avte=4&avts=1733830924;https://ir.ozone.ru/multimedia/wc350/1001634653.jpg;Музыка и видео;Видео;Телевизионные программы и видеоуроки
BBC: Тело человека. Часть 2. Первые шаги. Период полового созревания;319.0;499.0;36;5.0;1;https://www.ozon.ru/product/bbc-telo-cheloveka-chast-2-pervye-shagi-period-polovogo-sozrevaniya-151980842/?asb=lIUwlIQHlNSS%252BUWnqXrOT9Y49pLFUBwy222urfGl2vw%253D&asb2=WtcU7eRrlSRbCzA74TzkAldWaofL3kWwMmHLzO88n8OIEGBUguJnnsk0waoFU13Yf2FEHRPHivrnU0_Df68Vig&avtc=1&avte=4&avts=1733830924;https://ir.ozone.ru/multimedia/wc350/1000159332.jpg;Музыка и видео;Видео;Телевизионные программы и видеоуроки
Битва экстрасенсов: Сезон 12;246.0;-999.0;-999;5.0;13;https://www.ozon.ru/product/bitva-ekstrasensov-sezon-12-208637496/?asb=ujojnCpB9ZYECONi%252BFPaUDdJFc1%252Fj5TqxfLahE3eR3I%253D&asb2=xUVvYSDJxNKzA85Ag8LhpoB15XHgbDLpi5CqlqVuMguVNi5W9gcs4znShKE92Q6Kr4Rb518HH7Cp-z1eWKrscA&avtc=1&avte=4&avts=1733830924;https://ir.ozone.ru/multimedia/wc350/1005932297.jpg;Музыка и видео;Видео;Телевизионные программы и видеоуроки
Аэробика + Лечебная гимнастика;246.0;-999.0;-999;-999.0;-999;https://www.ozon.ru/product/aerobika-lechebnaya-gimnastika-176679173/?asb=kSM9rKfDd7FFj%252BGSseVJy883Vd7%252FTjrRHNrzXFaQ5gk%253D&asb2=BG0UG8G22zztnW59DzN6f1XsnOL3LwJ0Pr4EsSMYc0PqBVml6RSKSsYsSMW5T2g7nCJbt_YjS5eEL96lzyMY2w&avtc=1&avte=4&avts=1733830924;https://ir.ozone.ru/multimedia/wc350/1003566261.jpg;Музыка и видео;Видео;Телевизионные программы и видеоуроки
BBC: Тело человека. Часть 3. Мозг человека. Проходят годы;393.0;499.0;21;-999.0;-999;https://www.ozon.ru/product/bbc-telo-cheloveka-chast-3-mozg-cheloveka-prohodyat-gody-151980843/?asb=cCd7DIgV0EEih1ALzWz1wps4%252FbXka3mVvYA0Mc8NNCI%253D&asb2=-hwMODqk3AChS-SRiEIvp7-njCNSzzwZMoHcwCvtsfGfEHT02auUr0Y6fcgSAIZ1Z5KucA0zrKqoKp0BQV8vdw&avtc=1&avte=4&avts=1733830924;https://ir.ozone.ru/multimedia/wc350/1000161011.jpg;Музыка и видео;Видео;Телевизионные программы и видеоуроки
Обеды за 30 минут от Джейми: Сезон 1, выпуск 1;279.0;449.0;38;4.7;6;https://www.ozon.ru/product/obedy-za-30-minut-ot-dzheymi-sezon-1-vypusk-1-151981024/?asb=nyUlgCVuZ3TiYuPhDxQARcLqNSuCw5R%252F7eHe3JDB5fs%253D&asb2=pXmntIBBbpgXJgwiRId_AuU391fAAJd7qsKualMN4M6rE3AcfrW1nTs3y2zUiM2bbBfjEfm-4_BQY4kw2l4Ojw&avtc=1&avte=4&avts=1733830924;https://ir.ozone.ru/multimedia/wc350/1005561999.jpg;Музыка и видео;Видео;Телевизионные программы и видеоуроки
