user_category_1,user_category_2,predicted_category,explanation
Контейнеры для еды,Купальники,Спорт и игры на улице,"Given the interest in swimwear, the user may enjoy outdoor activities that involve water sports. Expanding into outdoor sports and games can complement this interest, offering a more active lifestyle context."
Контейнеры для еды,Купальники,Товары для праздников,"An interest in food containers and swimwear could suggest a penchant for hosting or attending social events like beach parties or picnics, where party supplies might be useful."
Контейнеры для еды,Купальники,Путешествия,"The choice of swimwear and food containers suggests a lifestyle that might include travel or vacations, particularly to destinations with beaches, where travel goods would be beneficial."
Контейнеры для еды,Купальники,Умный дом,"Given the practical nature of food containers, the user might appreciate functional technology in their living space, suggesting an interest in smart home devices for better home management."
Контейнеры для еды,Купальники,Спорт и игры на улице,"The user's interest in swimwear hints at enjoying outdoor leisure activities, and they might find sports and outdoor games engaging, encouraging more time spent outside, possibly near water areas."
PC,PlayStation,Игровые наушники,"Given the user's interest in PC and PlayStation, exploring gaming peripherals like headphones enhances the immersive experience in both platforms, offering high-quality audio for both gaming and multimedia use."
PC,PlayStation,Умный дом,"PC users often value smart home technology to integrate their setups with voice assistants and other devices. Meanwhile, PlayStation enthusiasts can use smart home devices to enhance their media consumption experience, such as smart lighting that syncs with gaming."
PC,PlayStation,Охранные системы и видеонаблюдение,"Users interested in PCs and gaming may also show an interest in tech-focused security setups. Given their tech-savvy nature, exploring efficient and technologically advanced security solutions seems like a logical extension of their interests."
PC,PlayStation,Квадрокоптеры и аксессуары,"The user's engagement with technology-heavy categories like PC and PlayStation suggests a curiosity about other high-tech gadgets like drones, offering a mix of technology and outdoor exploration."
PC,PlayStation,Мебель для хранения,"As users amass equipment and games for their PCs and PlayStations, efficient storage solutions become important to organize and optimize their gaming and tech-related spaces."
